"exp","set_id","cond","A_level","B_level","role","context","sentence","critical_region","cq_question","cq_options","cq_answer","list","norm_status","note"
"E2","01","a","A1","B1","target","정형외과 진료실에서 의사가 무릎 통증으로 찾아온 70대 여성 환자에게 엑스레이 사진을 보여 주며 검사 결과와 주사 치료를 설명한다.","할머니, 무릎 연골이 또래보다 많이 닳으셨어요.","닳으셨어요","이 말에서 화자가 '-시-'로 높이려는 대상은 누구입니까?","듣는 사람(할머니)|무릎 연골|화자 자신|높이려는 대상이 없다","듣는 사람(할머니)","4","적격 — 간접 높임(주어 '무릎 연골' = 청자의 신체 부분)","A1=신체 부분(무릎 연골) / A2=가격·요금(주사 가격) / 장면=병원(정형외과, 서비스 발화) / 화계=해요체 / 서술어 닳다·오르다(모두 과거, 5음절 활용형) / 주어 음절 2·2 / 판정 근거: 연골은 청자의 신체 부분(간접 높임 허용). 가격은 주사(병원이 파는 치료)의 값으로 청자의 신체·속성이 아님 | P4-03 검수: 판정 유지(a 적격·b 덜 선호·c 비표준·d 적격)"
"E2","01","b","A1","B2","target","정형외과 진료실에서 의사가 무릎 통증으로 찾아온 70대 여성 환자에게 엑스레이 사진을 보여 주며 검사 결과와 주사 치료를 설명한다.","할머니, 무릎 연골이 또래보다 많이 닳았어요.","닳았어요","","","","1","덜 선호 — 간접 높임 생략(주어 '무릎 연골' = 청자의 신체 부분, 청자 높임은 해요체로 유지)","A1=신체 부분(무릎 연골) / A2=가격·요금(주사 가격) / 장면=병원(정형외과, 서비스 발화) / 화계=해요체 / 서술어 닳다·오르다(모두 과거, 5음절 활용형) / 주어 음절 2·2 / 판정 근거: 연골은 청자의 신체 부분(간접 높임 허용). 가격은 주사(병원이 파는 치료)의 값으로 청자의 신체·속성이 아님 | P4-03 검수: 판정 유지(a 적격·b 덜 선호·c 비표준·d 적격)"
"E2","01","c","A2","B1","target","정형외과 진료실에서 의사가 무릎 통증으로 찾아온 70대 여성 환자에게 엑스레이 사진을 보여 주며 검사 결과와 주사 치료를 설명한다.","할머니, 이 주사는 작년보다 가격이 많이 오르셨어요.","오르셨어요","이 말에서 화자가 '-시-'로 높이려는 대상은 누구입니까?","듣는 사람(할머니)|주사 가격|화자 자신|높이려는 대상이 없다","듣는 사람(할머니)","2","비표준 — 사물 높임(주어 '주사 가격' = 청자와 무관한 가격·요금)","A1=신체 부분(무릎 연골) / A2=가격·요금(주사 가격) / 장면=병원(정형외과, 서비스 발화) / 화계=해요체 / 서술어 닳다·오르다(모두 과거, 5음절 활용형) / 주어 음절 2·2 / 판정 근거: 연골은 청자의 신체 부분(간접 높임 허용). 가격은 주사(병원이 파는 치료)의 값으로 청자의 신체·속성이 아님 | P4-03 검수: 판정 유지(a 적격·b 덜 선호·c 비표준·d 적격)"
"E2","01","d","A2","B2","target","정형외과 진료실에서 의사가 무릎 통증으로 찾아온 70대 여성 환자에게 엑스레이 사진을 보여 주며 검사 결과와 주사 치료를 설명한다.","할머니, 이 주사는 작년보다 가격이 많이 올랐어요.","올랐어요","","","","3","적격 — 사물 주어에 -시- 없음(청자 높임은 해요체로 유지)","A1=신체 부분(무릎 연골) / A2=가격·요금(주사 가격) / 장면=병원(정형외과, 서비스 발화) / 화계=해요체 / 서술어 닳다·오르다(모두 과거, 5음절 활용형) / 주어 음절 2·2 / 판정 근거: 연골은 청자의 신체 부분(간접 높임 허용). 가격은 주사(병원이 파는 치료)의 값으로 청자의 신체·속성이 아님 | P4-03 검수: 판정 유지(a 적격·b 덜 선호·c 비표준·d 적격)"
"E2","02","a","A1","B1","target","아침 아홉 시, 대학원생이 연구실에 들어서다가 전날 밤늦게까지 원고를 고친 지도교수와 마주쳐 말한다. 이날은 연구동 건물 문이 평소보다 늦게 열렸다.","교수님, 오늘은 평소보다 눈이 많이 부으셨어요.","부으셨어요","이 말에서 화자가 '-시-'로 높이려는 대상은 누구입니까?","듣는 사람(교수님)|눈|화자 자신|높이려는 대상이 없다","듣는 사람(교수님)","3","적격 — 간접 높임(주어 '눈' = 청자의 신체 부분)","A1=신체 부분(눈) / A2=시설·장소(건물 문) / 장면=연구실(대학, 비서비스) / 화계=해요체 / 서술어 붓다·열리다(모두 과거, 5음절 활용형) / 주어 음절 1·1 / 판정 근거: 눈은 청자의 신체 부분. 연구동 건물 문은 학교 시설로 청자와 무관 | P4-03 검수: 판정 유지(a 적격·b 덜 선호·c 비표준·d 적격)"
"E2","02","b","A1","B2","target","아침 아홉 시, 대학원생이 연구실에 들어서다가 전날 밤늦게까지 원고를 고친 지도교수와 마주쳐 말한다. 이날은 연구동 건물 문이 평소보다 늦게 열렸다.","교수님, 오늘은 평소보다 눈이 많이 부었어요.","부었어요","","","","4","덜 선호 — 간접 높임 생략(주어 '눈' = 청자의 신체 부분, 청자 높임은 해요체로 유지)","A1=신체 부분(눈) / A2=시설·장소(건물 문) / 장면=연구실(대학, 비서비스) / 화계=해요체 / 서술어 붓다·열리다(모두 과거, 5음절 활용형) / 주어 음절 1·1 / 판정 근거: 눈은 청자의 신체 부분. 연구동 건물 문은 학교 시설로 청자와 무관 | P4-03 검수: 판정 유지(a 적격·b 덜 선호·c 비표준·d 적격)"
"E2","02","c","A2","B1","target","아침 아홉 시, 대학원생이 연구실에 들어서다가 전날 밤늦게까지 원고를 고친 지도교수와 마주쳐 말한다. 이날은 연구동 건물 문이 평소보다 늦게 열렸다.","교수님, 오늘은 평소보다 건물 문이 늦게 열리셨어요.","열리셨어요","이 말에서 화자가 '-시-'로 높이려는 대상은 누구입니까?","듣는 사람(교수님)|건물 문|화자 자신|높이려는 대상이 없다","듣는 사람(교수님)","1","비표준 — 사물 높임(주어 '건물 문' = 청자와 무관한 시설·장소)","A1=신체 부분(눈) / A2=시설·장소(건물 문) / 장면=연구실(대학, 비서비스) / 화계=해요체 / 서술어 붓다·열리다(모두 과거, 5음절 활용형) / 주어 음절 1·1 / 판정 근거: 눈은 청자의 신체 부분. 연구동 건물 문은 학교 시설로 청자와 무관 | P4-03 검수: 판정 유지(a 적격·b 덜 선호·c 비표준·d 적격)"
"E2","02","d","A2","B2","target","아침 아홉 시, 대학원생이 연구실에 들어서다가 전날 밤늦게까지 원고를 고친 지도교수와 마주쳐 말한다. 이날은 연구동 건물 문이 평소보다 늦게 열렸다.","교수님, 오늘은 평소보다 건물 문이 늦게 열렸어요.","열렸어요","","","","2","적격 — 사물 주어에 -시- 없음(청자 높임은 해요체로 유지)","A1=신체 부분(눈) / A2=시설·장소(건물 문) / 장면=연구실(대학, 비서비스) / 화계=해요체 / 서술어 붓다·열리다(모두 과거, 5음절 활용형) / 주어 음절 1·1 / 판정 근거: 눈은 청자의 신체 부분. 연구동 건물 문은 학교 시설로 청자와 무관 | P4-03 검수: 판정 유지(a 적격·b 덜 선호·c 비표준·d 적격)"
"E2","03","a","A1","B1","target","미용실에서 미용사가 머리를 자르러 온 50대 남성 단골의 머리를 감겨 주며 말한다. 가게 안에는 온풍기가 계속 돌아가고 있다.","손님, 날씨 탓인지 요즘 두피가 많이 건조하세요.","건조하세요","이 말에서 화자가 '-시-'로 높이려는 대상은 누구입니까?","듣는 사람(손님)|두피|화자 자신|높이려는 대상이 없다","듣는 사람(손님)","2","적격 — 간접 높임(주어 '두피' = 청자의 신체 부분)","A1=신체 부분(두피) / A2=시설·장소(실내) / 장면=미용실(가게, 서비스 발화) / 화계=해요체 / 서술어 건조하다(A1·A2 같은 서술어) / 주어 음절 2·2 / 판정 근거: 두피는 청자의 신체 부분. 실내는 미용실 공간으로 청자와 무관 | P4-03 검수: 판정 유지(a 적격·b 덜 선호·c 비표준·d 적격)"
"E2","03","b","A1","B2","target","미용실에서 미용사가 머리를 자르러 온 50대 남성 단골의 머리를 감겨 주며 말한다. 가게 안에는 온풍기가 계속 돌아가고 있다.","손님, 날씨 탓인지 요즘 두피가 많이 건조해요.","건조해요","","","","3","덜 선호 — 간접 높임 생략(주어 '두피' = 청자의 신체 부분, 청자 높임은 해요체로 유지)","A1=신체 부분(두피) / A2=시설·장소(실내) / 장면=미용실(가게, 서비스 발화) / 화계=해요체 / 서술어 건조하다(A1·A2 같은 서술어) / 주어 음절 2·2 / 판정 근거: 두피는 청자의 신체 부분. 실내는 미용실 공간으로 청자와 무관 | P4-03 검수: 판정 유지(a 적격·b 덜 선호·c 비표준·d 적격)"
"E2","03","c","A2","B1","target","미용실에서 미용사가 머리를 자르러 온 50대 남성 단골의 머리를 감겨 주며 말한다. 가게 안에는 온풍기가 계속 돌아가고 있다.","손님, 난방 탓인지 요즘 실내가 많이 건조하세요.","건조하세요","이 말에서 화자가 '-시-'로 높이려는 대상은 누구입니까?","듣는 사람(손님)|실내|화자 자신|높이려는 대상이 없다","듣는 사람(손님)","4","비표준 — 사물 높임(주어 '실내' = 청자와 무관한 시설·장소)","A1=신체 부분(두피) / A2=시설·장소(실내) / 장면=미용실(가게, 서비스 발화) / 화계=해요체 / 서술어 건조하다(A1·A2 같은 서술어) / 주어 음절 2·2 / 판정 근거: 두피는 청자의 신체 부분. 실내는 미용실 공간으로 청자와 무관 | P4-03 검수: 판정 유지(a 적격·b 덜 선호·c 비표준·d 적격)"
"E2","03","d","A2","B2","target","미용실에서 미용사가 머리를 자르러 온 50대 남성 단골의 머리를 감겨 주며 말한다. 가게 안에는 온풍기가 계속 돌아가고 있다.","손님, 난방 탓인지 요즘 실내가 많이 건조해요.","건조해요","","","","1","적격 — 사물 주어에 -시- 없음(청자 높임은 해요체로 유지)","A1=신체 부분(두피) / A2=시설·장소(실내) / 장면=미용실(가게, 서비스 발화) / 화계=해요체 / 서술어 건조하다(A1·A2 같은 서술어) / 주어 음절 2·2 / 판정 근거: 두피는 청자의 신체 부분. 실내는 미용실 공간으로 청자와 무관 | P4-03 검수: 판정 유지(a 적격·b 덜 선호·c 비표준·d 적격)"
"E2","04","a","A1","B1","target","겨울 저녁, 대학생 손자가 외할아버지 옆에 앉아 할아버지의 손을 잡은 채 함께 텔레비전 홈쇼핑 방송을 보며 말한다. 방송에서는 귤을 팔고 있다.","할아버지, 오늘은 손이 평소보다 훨씬 차가우세요.","차가우세요","이 말에서 화자가 '-시-'로 높이려는 대상은 누구입니까?","듣는 사람(할아버지)|손|화자 자신|높이려는 대상이 없다","듣는 사람(할아버지)","1","적격 — 간접 높임(주어 '손' = 청자의 신체 부분)","A1=신체 부분(손) / A2=상품·음식(귤 알) / 장면=가정(비서비스) / 화계=해요체 / 서술어 차갑다·크다(모두 현재, 기초 형용사) / 주어 음절 1·1 / 판정 근거: 손은 청자의 신체 부분. 귤 알은 방송에서 파는 상품의 크기로 청자와 무관(주제어 '저 귤'도 판매 상품) | P4-03 검수: 판정 유지(a 적격·b 덜 선호·c 비표준·d 적격)"
"E2","04","b","A1","B2","target","겨울 저녁, 대학생 손자가 외할아버지 옆에 앉아 할아버지의 손을 잡은 채 함께 텔레비전 홈쇼핑 방송을 보며 말한다. 방송에서는 귤을 팔고 있다.","할아버지, 오늘은 손이 평소보다 훨씬 차가워요.","차가워요","","","","2","덜 선호 — 간접 높임 생략(주어 '손' = 청자의 신체 부분, 청자 높임은 해요체로 유지)","A1=신체 부분(손) / A2=상품·음식(귤 알) / 장면=가정(비서비스) / 화계=해요체 / 서술어 차갑다·크다(모두 현재, 기초 형용사) / 주어 음절 1·1 / 판정 근거: 손은 청자의 신체 부분. 귤 알은 방송에서 파는 상품의 크기로 청자와 무관(주제어 '저 귤'도 판매 상품) | P4-03 검수: 판정 유지(a 적격·b 덜 선호·c 비표준·d 적격)"
"E2","04","c","A2","B1","target","겨울 저녁, 대학생 손자가 외할아버지 옆에 앉아 할아버지의 손을 잡은 채 함께 텔레비전 홈쇼핑 방송을 보며 말한다. 방송에서는 귤을 팔고 있다.","할아버지, 저 귤은 생각보다 알이 훨씬 크세요.","크세요","이 말에서 화자가 '-시-'로 높이려는 대상은 누구입니까?","듣는 사람(할아버지)|귤 알|화자 자신|높이려는 대상이 없다","듣는 사람(할아버지)","3","비표준 — 사물 높임(주어 '귤 알' = 청자와 무관한 상품·음식)","A1=신체 부분(손) / A2=상품·음식(귤 알) / 장면=가정(비서비스) / 화계=해요체 / 서술어 차갑다·크다(모두 현재, 기초 형용사) / 주어 음절 1·1 / 판정 근거: 손은 청자의 신체 부분. 귤 알은 방송에서 파는 상품의 크기로 청자와 무관(주제어 '저 귤'도 판매 상품) | P4-03 검수: 판정 유지(a 적격·b 덜 선호·c 비표준·d 적격)"
"E2","04","d","A2","B2","target","겨울 저녁, 대학생 손자가 외할아버지 옆에 앉아 할아버지의 손을 잡은 채 함께 텔레비전 홈쇼핑 방송을 보며 말한다. 방송에서는 귤을 팔고 있다.","할아버지, 저 귤은 생각보다 알이 훨씬 커요.","커요","","","","4","적격 — 사물 주어에 -시- 없음(청자 높임은 해요체로 유지)","A1=신체 부분(손) / A2=상품·음식(귤 알) / 장면=가정(비서비스) / 화계=해요체 / 서술어 차갑다·크다(모두 현재, 기초 형용사) / 주어 음절 1·1 / 판정 근거: 손은 청자의 신체 부분. 귤 알은 방송에서 파는 상품의 크기로 청자와 무관(주제어 '저 귤'도 판매 상품) | P4-03 검수: 판정 유지(a 적격·b 덜 선호·c 비표준·d 적격)"
"E2","05","a","A1","B1","target","백화점 화장품 매장에서 직원이 50대 여성 고객의 피부 상태를 측정기로 확인한 뒤, 새로 나온 크림을 소개하며 말한다.","고객님, 측정해 보니 피부가 꽤 예민하십니다.","예민하십니다","이 말에서 화자가 '-시-'로 높이려는 대상은 누구입니까?","듣는 사람(고객님)|피부|화자 자신|높이려는 대상이 없다","듣는 사람(고객님)","4","적격 — 간접 높임(주어 '피부' = 청자의 신체 부분)","A1=신체 부분(피부) / A2=상품·음식(크림) / 장면=백화점 화장품 매장(가게, 서비스 발화) / 화계=합쇼체 / 서술어 예민하다·순하다(모두 현재, 피부 관련 형용사) / 주어 음절 2·2 / 판정 근거: 피부는 청자의 신체 부분. 크림은 매장이 파는 신제품으로 청자 소유가 아님 | P4-03 검수: 판정 유지(a 적격·b 덜 선호·c 비표준·d 적격)"
"E2","05","b","A1","B2","target","백화점 화장품 매장에서 직원이 50대 여성 고객의 피부 상태를 측정기로 확인한 뒤, 새로 나온 크림을 소개하며 말한다.","고객님, 측정해 보니 피부가 꽤 예민합니다.","예민합니다","","","","1","덜 선호 — 간접 높임 생략(주어 '피부' = 청자의 신체 부분, 청자 높임은 합쇼체로 유지)","A1=신체 부분(피부) / A2=상품·음식(크림) / 장면=백화점 화장품 매장(가게, 서비스 발화) / 화계=합쇼체 / 서술어 예민하다·순하다(모두 현재, 피부 관련 형용사) / 주어 음절 2·2 / 판정 근거: 피부는 청자의 신체 부분. 크림은 매장이 파는 신제품으로 청자 소유가 아님 | P4-03 검수: 판정 유지(a 적격·b 덜 선호·c 비표준·d 적격)"
"E2","05","c","A2","B1","target","백화점 화장품 매장에서 직원이 50대 여성 고객의 피부 상태를 측정기로 확인한 뒤, 새로 나온 크림을 소개하며 말한다.","고객님, 이번에 나온 크림은 꽤 순하십니다.","순하십니다","이 말에서 화자가 '-시-'로 높이려는 대상은 누구입니까?","듣는 사람(고객님)|크림|화자 자신|높이려는 대상이 없다","듣는 사람(고객님)","2","비표준 — 사물 높임(주어 '크림' = 청자와 무관한 상품·음식)","A1=신체 부분(피부) / A2=상품·음식(크림) / 장면=백화점 화장품 매장(가게, 서비스 발화) / 화계=합쇼체 / 서술어 예민하다·순하다(모두 현재, 피부 관련 형용사) / 주어 음절 2·2 / 판정 근거: 피부는 청자의 신체 부분. 크림은 매장이 파는 신제품으로 청자 소유가 아님 | P4-03 검수: 판정 유지(a 적격·b 덜 선호·c 비표준·d 적격)"
"E2","05","d","A2","B2","target","백화점 화장품 매장에서 직원이 50대 여성 고객의 피부 상태를 측정기로 확인한 뒤, 새로 나온 크림을 소개하며 말한다.","고객님, 이번에 나온 크림은 꽤 순합니다.","순합니다","","","","3","적격 — 사물 주어에 -시- 없음(청자 높임은 합쇼체로 유지)","A1=신체 부분(피부) / A2=상품·음식(크림) / 장면=백화점 화장품 매장(가게, 서비스 발화) / 화계=합쇼체 / 서술어 예민하다·순하다(모두 현재, 피부 관련 형용사) / 주어 음절 2·2 / 판정 근거: 피부는 청자의 신체 부분. 크림은 매장이 파는 신제품으로 청자 소유가 아님 | P4-03 검수: 판정 유지(a 적격·b 덜 선호·c 비표준·d 적격)"
"E2","06","a","A1","B1","target","대학생 손녀가 시골에 혼자 사는 친할머니와 전화 통화를 하며 말한다. 손녀가 자기가 신으려고 인터넷으로 주문한 신발이 주소를 잘못 적는 바람에 할머니 집으로 배송되었다.","할머니, 비가 와서 그런지 오늘도 허리가 많이 아프세요?","아프세요","이 말에서 화자가 '-시-'로 높이려는 대상은 누구입니까?","듣는 사람(할머니)|허리|화자 자신|높이려는 대상이 없다","듣는 사람(할머니)","3","적격 — 간접 높임(주어 '허리' = 청자의 신체 부분)","D-12 교체(2026-09-19 메인 세션): 이전 A2 주어('할머니가 부탁해 할머니 집에 도착한 파스')는 『표준 언어 예절』(2011) p.159가 간접 존대 근거로 든 '소유물'로 읽힐 수 있어(P4-03 검수) 설계 규칙(개인 소유물 배제) 위반. A2 주어를 화자가 주문한 물건으로 바꿔 청자와 무관하게 함. A1(a·b) 문장은 그대로 / A2 유형: 주문·예약한 것 / 주어 음절 2·2 유지"
"E2","06","b","A1","B2","target","대학생 손녀가 시골에 혼자 사는 친할머니와 전화 통화를 하며 말한다. 손녀가 자기가 신으려고 인터넷으로 주문한 신발이 주소를 잘못 적는 바람에 할머니 집으로 배송되었다.","할머니, 비가 와서 그런지 오늘도 허리가 많이 아파요?","아파요","","","","4","덜 선호 — 간접 높임 생략(주어 '허리' = 청자의 신체 부분, 청자 높임은 해요체로 유지)","D-12 교체(2026-09-19 메인 세션): 이전 A2 주어('할머니가 부탁해 할머니 집에 도착한 파스')는 『표준 언어 예절』(2011) p.159가 간접 존대 근거로 든 '소유물'로 읽힐 수 있어(P4-03 검수) 설계 규칙(개인 소유물 배제) 위반. A2 주어를 화자가 주문한 물건으로 바꿔 청자와 무관하게 함. A1(a·b) 문장은 그대로 / A2 유형: 주문·예약한 것 / 주어 음절 2·2 유지"
"E2","06","c","A2","B1","target","대학생 손녀가 시골에 혼자 사는 친할머니와 전화 통화를 하며 말한다. 손녀가 자기가 신으려고 인터넷으로 주문한 신발이 주소를 잘못 적는 바람에 할머니 집으로 배송되었다.","할머니, 제가 주문한 신발이 오늘 그쪽으로 잘못 도착하셨어요?","도착하셨어요","이 말에서 화자가 '-시-'로 높이려는 대상은 누구입니까?","듣는 사람(할머니)|신발|화자 자신|높이려는 대상이 없다","듣는 사람(할머니)","1","비표준 — 사물 높임(주어 '신발' = 화자가 주문한 물건, 청자의 소유·속성 아님)","D-12 교체(2026-09-19 메인 세션): 이전 A2 주어('할머니가 부탁해 할머니 집에 도착한 파스')는 『표준 언어 예절』(2011) p.159가 간접 존대 근거로 든 '소유물'로 읽힐 수 있어(P4-03 검수) 설계 규칙(개인 소유물 배제) 위반. A2 주어를 화자가 주문한 물건으로 바꿔 청자와 무관하게 함. A1(a·b) 문장은 그대로 / A2 유형: 주문·예약한 것 / 주어 음절 2·2 유지"
"E2","06","d","A2","B2","target","대학생 손녀가 시골에 혼자 사는 친할머니와 전화 통화를 하며 말한다. 손녀가 자기가 신으려고 인터넷으로 주문한 신발이 주소를 잘못 적는 바람에 할머니 집으로 배송되었다.","할머니, 제가 주문한 신발이 오늘 그쪽으로 잘못 도착했어요?","도착했어요","","","","2","적격 — 사물 주어에 -시- 없음(청자 높임은 해요체로 유지)","D-12 교체(2026-09-19 메인 세션): 이전 A2 주어('할머니가 부탁해 할머니 집에 도착한 파스')는 『표준 언어 예절』(2011) p.159가 간접 존대 근거로 든 '소유물'로 읽힐 수 있어(P4-03 검수) 설계 규칙(개인 소유물 배제) 위반. A2 주어를 화자가 주문한 물건으로 바꿔 청자와 무관하게 함. A1(a·b) 문장은 그대로 / A2 유형: 주문·예약한 것 / 주어 음절 2·2 유지"
"E2","07","a","A1","B1","target","보건소에서 간호사가 혈압을 재러 온 70대 남성에게 측정 결과를 알려 준 뒤, 2층 진료실로 올라가는 계단을 안내하며 말한다.","어르신, 오늘은 혈압이 평소보다 좀 높으세요.","높으세요","이 말에서 화자가 '-시-'로 높이려는 대상은 누구입니까?","듣는 사람(어르신)|혈압|화자 자신|높이려는 대상이 없다","듣는 사람(어르신)","2","적격 — 간접 높임(주어 '혈압' = 청자의 건강·기분)","A1=건강·기분(혈압) / A2=시설·장소(계단) / 장면=보건소(관공서·의료, 서비스 발화) / 화계=해요체 / 서술어 높다(A1·A2 같은 서술어) / 주어 음절 2·2 / 판정 근거: 혈압은 청자의 건강 상태. 계단은 보건소 건물 시설로 청자와 무관 | P4-03 검수: 판정 유지(a 적격·b 덜 선호·c 비표준·d 적격)"
"E2","07","b","A1","B2","target","보건소에서 간호사가 혈압을 재러 온 70대 남성에게 측정 결과를 알려 준 뒤, 2층 진료실로 올라가는 계단을 안내하며 말한다.","어르신, 오늘은 혈압이 평소보다 좀 높아요.","높아요","","","","3","덜 선호 — 간접 높임 생략(주어 '혈압' = 청자의 건강·기분, 청자 높임은 해요체로 유지)","A1=건강·기분(혈압) / A2=시설·장소(계단) / 장면=보건소(관공서·의료, 서비스 발화) / 화계=해요체 / 서술어 높다(A1·A2 같은 서술어) / 주어 음절 2·2 / 판정 근거: 혈압은 청자의 건강 상태. 계단은 보건소 건물 시설로 청자와 무관 | P4-03 검수: 판정 유지(a 적격·b 덜 선호·c 비표준·d 적격)"
"E2","07","c","A2","B1","target","보건소에서 간호사가 혈압을 재러 온 70대 남성에게 측정 결과를 알려 준 뒤, 2층 진료실로 올라가는 계단을 안내하며 말한다.","어르신, 여기는 계단이 보통보다 좀 높으세요.","높으세요","이 말에서 화자가 '-시-'로 높이려는 대상은 누구입니까?","듣는 사람(어르신)|계단|화자 자신|높이려는 대상이 없다","듣는 사람(어르신)","4","비표준 — 사물 높임(주어 '계단' = 청자와 무관한 시설·장소)","A1=건강·기분(혈압) / A2=시설·장소(계단) / 장면=보건소(관공서·의료, 서비스 발화) / 화계=해요체 / 서술어 높다(A1·A2 같은 서술어) / 주어 음절 2·2 / 판정 근거: 혈압은 청자의 건강 상태. 계단은 보건소 건물 시설로 청자와 무관 | P4-03 검수: 판정 유지(a 적격·b 덜 선호·c 비표준·d 적격)"
"E2","07","d","A2","B2","target","보건소에서 간호사가 혈압을 재러 온 70대 남성에게 측정 결과를 알려 준 뒤, 2층 진료실로 올라가는 계단을 안내하며 말한다.","어르신, 여기는 계단이 보통보다 좀 높아요.","높아요","","","","1","적격 — 사물 주어에 -시- 없음(청자 높임은 해요체로 유지)","A1=건강·기분(혈압) / A2=시설·장소(계단) / 장면=보건소(관공서·의료, 서비스 발화) / 화계=해요체 / 서술어 높다(A1·A2 같은 서술어) / 주어 음절 2·2 / 판정 근거: 혈압은 청자의 건강 상태. 계단은 보건소 건물 시설로 청자와 무관 | P4-03 검수: 판정 유지(a 적격·b 덜 선호·c 비표준·d 적격)"
"E2","08","a","A1","B1","target","점심시간, 신입 사원이 같은 팀 팀장과 회사 구내식당 앞에 줄을 서서 새로 붙은 가격표를 보며 말한다. 팀장은 오전 회의 전까지 거래처 문제로 언짢아했다.","팀장님, 회의 끝나고 나서 기분이 많이 풀리셨네요.","풀리셨네요","이 말에서 화자가 '-시-'로 높이려는 대상은 누구입니까?","듣는 사람(팀장님)|기분|화자 자신|높이려는 대상이 없다","듣는 사람(팀장님)","1","적격 — 간접 높임(주어 '기분' = 청자의 건강·기분)","A1=건강·기분(기분) / A2=가격·요금(밥값) / 장면=회사 구내식당(회사, 비서비스) / 화계=해요체 / 서술어 풀리다·비싸지다(모두 과거 + -네요) / 주어 음절 2·2 / 판정 근거: 기분은 청자의 감정 상태. 구내식당 밥값은 회사 식당의 가격으로 청자와 무관 | P4-03 검수: 판정 유지(a 적격·b 덜 선호·c 비표준·d 적격)"
"E2","08","b","A1","B2","target","점심시간, 신입 사원이 같은 팀 팀장과 회사 구내식당 앞에 줄을 서서 새로 붙은 가격표를 보며 말한다. 팀장은 오전 회의 전까지 거래처 문제로 언짢아했다.","팀장님, 회의 끝나고 나서 기분이 많이 풀렸네요.","풀렸네요","","","","2","덜 선호 — 간접 높임 생략(주어 '기분' = 청자의 건강·기분, 청자 높임은 해요체로 유지)","A1=건강·기분(기분) / A2=가격·요금(밥값) / 장면=회사 구내식당(회사, 비서비스) / 화계=해요체 / 서술어 풀리다·비싸지다(모두 과거 + -네요) / 주어 음절 2·2 / 판정 근거: 기분은 청자의 감정 상태. 구내식당 밥값은 회사 식당의 가격으로 청자와 무관 | P4-03 검수: 판정 유지(a 적격·b 덜 선호·c 비표준·d 적격)"
"E2","08","c","A2","B1","target","점심시간, 신입 사원이 같은 팀 팀장과 회사 구내식당 앞에 줄을 서서 새로 붙은 가격표를 보며 말한다. 팀장은 오전 회의 전까지 거래처 문제로 언짢아했다.","팀장님, 이번 달부터 구내식당 밥값이 많이 비싸지셨네요.","비싸지셨네요","이 말에서 화자가 '-시-'로 높이려는 대상은 누구입니까?","듣는 사람(팀장님)|밥값|화자 자신|높이려는 대상이 없다","듣는 사람(팀장님)","3","비표준 — 사물 높임(주어 '밥값' = 청자와 무관한 가격·요금)","A1=건강·기분(기분) / A2=가격·요금(밥값) / 장면=회사 구내식당(회사, 비서비스) / 화계=해요체 / 서술어 풀리다·비싸지다(모두 과거 + -네요) / 주어 음절 2·2 / 판정 근거: 기분은 청자의 감정 상태. 구내식당 밥값은 회사 식당의 가격으로 청자와 무관 | P4-03 검수: 판정 유지(a 적격·b 덜 선호·c 비표준·d 적격)"
"E2","08","d","A2","B2","target","점심시간, 신입 사원이 같은 팀 팀장과 회사 구내식당 앞에 줄을 서서 새로 붙은 가격표를 보며 말한다. 팀장은 오전 회의 전까지 거래처 문제로 언짢아했다.","팀장님, 이번 달부터 구내식당 밥값이 많이 비싸졌네요.","비싸졌네요","","","","4","적격 — 사물 주어에 -시- 없음(청자 높임은 해요체로 유지)","A1=건강·기분(기분) / A2=가격·요금(밥값) / 장면=회사 구내식당(회사, 비서비스) / 화계=해요체 / 서술어 풀리다·비싸지다(모두 과거 + -네요) / 주어 음절 2·2 / 판정 근거: 기분은 청자의 감정 상태. 구내식당 밥값은 회사 식당의 가격으로 청자와 무관 | P4-03 검수: 판정 유지(a 적격·b 덜 선호·c 비표준·d 적격)"
"E2","09","a","A1","B1","target","동네 약국에서 약사가 일주일 전 기침 감기약을 지어 간 80대 남성 단골에게 말한다. 이 남성은 그때 약국에 없던 연고를 따로 주문해 두었다.","어르신, 지난주에 비하면 기침이 많이 가라앉으셨어요.","가라앉으셨어요","이 말에서 화자가 '-시-'로 높이려는 대상은 누구입니까?","듣는 사람(어르신)|기침|화자 자신|높이려는 대상이 없다","듣는 사람(어르신)","4","적격 — 간접 높임(주어 '기침' = 청자의 건강·기분)","A1=건강·기분(기침) / A2=주문·예약한 것(연고) / 장면=약국(병원·약국, 서비스 발화) / 화계=해요체 / 서술어 가라앉다·들어오다(모두 과거) / 주어 음절 2·2 / 판정 근거: 기침은 청자의 건강 상태. 연고는 청자가 주문해 둔 약국 입고 상품(아직 청자가 받지 않음) | P4-03 검수: 판정 유지(a 적격·b 덜 선호·c 비표준·d 적격) | c는 『표준 언어 예절』(2011) 159쪽이 바른 경어법이 아니라고 든 '주문하신 커피 나오셨습니다'와 같은 구조(청자가 주문·예약한 뒤 아직 건네받지 않은 물건)라 비표준 판정이 규범과 맞음"
"E2","09","b","A1","B2","target","동네 약국에서 약사가 일주일 전 기침 감기약을 지어 간 80대 남성 단골에게 말한다. 이 남성은 그때 약국에 없던 연고를 따로 주문해 두었다.","어르신, 지난주에 비하면 기침이 많이 가라앉았어요.","가라앉았어요","","","","1","덜 선호 — 간접 높임 생략(주어 '기침' = 청자의 건강·기분, 청자 높임은 해요체로 유지)","A1=건강·기분(기침) / A2=주문·예약한 것(연고) / 장면=약국(병원·약국, 서비스 발화) / 화계=해요체 / 서술어 가라앉다·들어오다(모두 과거) / 주어 음절 2·2 / 판정 근거: 기침은 청자의 건강 상태. 연고는 청자가 주문해 둔 약국 입고 상품(아직 청자가 받지 않음) | P4-03 검수: 판정 유지(a 적격·b 덜 선호·c 비표준·d 적격) | c는 『표준 언어 예절』(2011) 159쪽이 바른 경어법이 아니라고 든 '주문하신 커피 나오셨습니다'와 같은 구조(청자가 주문·예약한 뒤 아직 건네받지 않은 물건)라 비표준 판정이 규범과 맞음"
"E2","09","c","A2","B1","target","동네 약국에서 약사가 일주일 전 기침 감기약을 지어 간 80대 남성 단골에게 말한다. 이 남성은 그때 약국에 없던 연고를 따로 주문해 두었다.","어르신, 그 연고가 오늘 오후에 드디어 들어오셨어요.","들어오셨어요","이 말에서 화자가 '-시-'로 높이려는 대상은 누구입니까?","듣는 사람(어르신)|연고|화자 자신|높이려는 대상이 없다","듣는 사람(어르신)","2","비표준 — 사물 높임(주어 '연고' = 청자와 무관한 주문·예약한 것)","A1=건강·기분(기침) / A2=주문·예약한 것(연고) / 장면=약국(병원·약국, 서비스 발화) / 화계=해요체 / 서술어 가라앉다·들어오다(모두 과거) / 주어 음절 2·2 / 판정 근거: 기침은 청자의 건강 상태. 연고는 청자가 주문해 둔 약국 입고 상품(아직 청자가 받지 않음) | P4-03 검수: 판정 유지(a 적격·b 덜 선호·c 비표준·d 적격) | c는 『표준 언어 예절』(2011) 159쪽이 바른 경어법이 아니라고 든 '주문하신 커피 나오셨습니다'와 같은 구조(청자가 주문·예약한 뒤 아직 건네받지 않은 물건)라 비표준 판정이 규범과 맞음"
"E2","09","d","A2","B2","target","동네 약국에서 약사가 일주일 전 기침 감기약을 지어 간 80대 남성 단골에게 말한다. 이 남성은 그때 약국에 없던 연고를 따로 주문해 두었다.","어르신, 그 연고가 오늘 오후에 드디어 들어왔어요.","들어왔어요","","","","3","적격 — 사물 주어에 -시- 없음(청자 높임은 해요체로 유지)","A1=건강·기분(기침) / A2=주문·예약한 것(연고) / 장면=약국(병원·약국, 서비스 발화) / 화계=해요체 / 서술어 가라앉다·들어오다(모두 과거) / 주어 음절 2·2 / 판정 근거: 기침은 청자의 건강 상태. 연고는 청자가 주문해 둔 약국 입고 상품(아직 청자가 받지 않음) | P4-03 검수: 판정 유지(a 적격·b 덜 선호·c 비표준·d 적격) | c는 『표준 언어 예절』(2011) 159쪽이 바른 경어법이 아니라고 든 '주문하신 커피 나오셨습니다'와 같은 구조(청자가 주문·예약한 뒤 아직 건네받지 않은 물건)라 비표준 판정이 규범과 맞음"
"E2","10","a","A1","B1","target","개학 날, 고등학생이 매점에 다녀오다가 복도에서 담임 교사와 마주쳐 말한다. 담임 교사는 방학 동안 꾸준히 운동을 했다.","선생님, 방학 전보다 체중이 많이 빠지셨어요.","빠지셨어요","이 말에서 화자가 '-시-'로 높이려는 대상은 누구입니까?","듣는 사람(선생님)|체중|화자 자신|높이려는 대상이 없다","듣는 사람(선생님)","3","적격 — 간접 높임(주어 '체중' = 청자의 건강·기분)","A1=건강·기분(체중) / A2=가격·요금(빵값) / 장면=학교 복도(학교, 비서비스) / 화계=해요체 / 서술어 빠지다·오르다(모두 과거, 5음절 활용형) / 주어 음절 2·2 / 판정 근거: 체중은 청자의 건강 상태. 매점 빵값은 학교 매점 상품의 가격으로 청자와 무관 | P4-03 검수: 판정 유지(a 적격·b 덜 선호·c 비표준·d 적격)"
"E2","10","b","A1","B2","target","개학 날, 고등학생이 매점에 다녀오다가 복도에서 담임 교사와 마주쳐 말한다. 담임 교사는 방학 동안 꾸준히 운동을 했다.","선생님, 방학 전보다 체중이 많이 빠졌어요.","빠졌어요","","","","4","덜 선호 — 간접 높임 생략(주어 '체중' = 청자의 건강·기분, 청자 높임은 해요체로 유지)","A1=건강·기분(체중) / A2=가격·요금(빵값) / 장면=학교 복도(학교, 비서비스) / 화계=해요체 / 서술어 빠지다·오르다(모두 과거, 5음절 활용형) / 주어 음절 2·2 / 판정 근거: 체중은 청자의 건강 상태. 매점 빵값은 학교 매점 상품의 가격으로 청자와 무관 | P4-03 검수: 판정 유지(a 적격·b 덜 선호·c 비표준·d 적격)"
"E2","10","c","A2","B1","target","개학 날, 고등학생이 매점에 다녀오다가 복도에서 담임 교사와 마주쳐 말한다. 담임 교사는 방학 동안 꾸준히 운동을 했다.","선생님, 방학 전보다 매점 빵값이 많이 오르셨어요.","오르셨어요","이 말에서 화자가 '-시-'로 높이려는 대상은 누구입니까?","듣는 사람(선생님)|빵값|화자 자신|높이려는 대상이 없다","듣는 사람(선생님)","1","비표준 — 사물 높임(주어 '빵값' = 청자와 무관한 가격·요금)","A1=건강·기분(체중) / A2=가격·요금(빵값) / 장면=학교 복도(학교, 비서비스) / 화계=해요체 / 서술어 빠지다·오르다(모두 과거, 5음절 활용형) / 주어 음절 2·2 / 판정 근거: 체중은 청자의 건강 상태. 매점 빵값은 학교 매점 상품의 가격으로 청자와 무관 | P4-03 검수: 판정 유지(a 적격·b 덜 선호·c 비표준·d 적격)"
"E2","10","d","A2","B2","target","개학 날, 고등학생이 매점에 다녀오다가 복도에서 담임 교사와 마주쳐 말한다. 담임 교사는 방학 동안 꾸준히 운동을 했다.","선생님, 방학 전보다 매점 빵값이 많이 올랐어요.","올랐어요","","","","2","적격 — 사물 주어에 -시- 없음(청자 높임은 해요체로 유지)","A1=건강·기분(체중) / A2=가격·요금(빵값) / 장면=학교 복도(학교, 비서비스) / 화계=해요체 / 서술어 빠지다·오르다(모두 과거, 5음절 활용형) / 주어 음절 2·2 / 판정 근거: 체중은 청자의 건강 상태. 매점 빵값은 학교 매점 상품의 가격으로 청자와 무관 | P4-03 검수: 판정 유지(a 적격·b 덜 선호·c 비표준·d 적격)"
"E2","11","a","A1","B1","target","점심때 동네 국밥집 주인이, 수술 뒤 한 달 만에 가게에 들른 70대 남성 단골에게 이 남성이 주문한 국밥을 가져다주며 말한다. 가게에는 주문이 밀려 있었다.","할아버지, 한 달 전보다 기운이 훨씬 넘치세요.","넘치세요","이 말에서 화자가 '-시-'로 높이려는 대상은 누구입니까?","듣는 사람(할아버지)|기운|화자 자신|높이려는 대상이 없다","듣는 사람(할아버지)","2","적격 — 간접 높임(주어 '기운' = 청자의 건강·기분)","A1=건강·기분(기운) / A2=주문·예약한 것(국밥) / 장면=국밥집(가게, 서비스 발화) / 화계=해요체 / 서술어 넘치다(현재)·나오다(과거) — 서술어 다름 / 주어 음절 2·2 / 판정 근거: 기운은 청자의 건강 상태. 국밥은 청자가 주문한 음식('커피 나오셨습니다'형 사물 높임) | P4-03 검수: 판정 유지(a 적격·b 덜 선호·c 비표준·d 적격) | c는 『표준 언어 예절』(2011) 159쪽이 바른 경어법이 아니라고 든 '주문하신 커피 나오셨습니다'와 같은 구조(청자가 주문·예약한 뒤 아직 건네받지 않은 물건)라 비표준 판정이 규범과 맞음"
"E2","11","b","A1","B2","target","점심때 동네 국밥집 주인이, 수술 뒤 한 달 만에 가게에 들른 70대 남성 단골에게 이 남성이 주문한 국밥을 가져다주며 말한다. 가게에는 주문이 밀려 있었다.","할아버지, 한 달 전보다 기운이 훨씬 넘쳐요.","넘쳐요","","","","3","덜 선호 — 간접 높임 생략(주어 '기운' = 청자의 건강·기분, 청자 높임은 해요체로 유지)","A1=건강·기분(기운) / A2=주문·예약한 것(국밥) / 장면=국밥집(가게, 서비스 발화) / 화계=해요체 / 서술어 넘치다(현재)·나오다(과거) — 서술어 다름 / 주어 음절 2·2 / 판정 근거: 기운은 청자의 건강 상태. 국밥은 청자가 주문한 음식('커피 나오셨습니다'형 사물 높임) | P4-03 검수: 판정 유지(a 적격·b 덜 선호·c 비표준·d 적격) | c는 『표준 언어 예절』(2011) 159쪽이 바른 경어법이 아니라고 든 '주문하신 커피 나오셨습니다'와 같은 구조(청자가 주문·예약한 뒤 아직 건네받지 않은 물건)라 비표준 판정이 규범과 맞음"
"E2","11","c","A2","B1","target","점심때 동네 국밥집 주인이, 수술 뒤 한 달 만에 가게에 들른 70대 남성 단골에게 이 남성이 주문한 국밥을 가져다주며 말한다. 가게에는 주문이 밀려 있었다.","할아버지, 오늘은 주문이 밀려서 국밥이 좀 늦게 나오셨어요.","나오셨어요","이 말에서 화자가 '-시-'로 높이려는 대상은 누구입니까?","듣는 사람(할아버지)|국밥|화자 자신|높이려는 대상이 없다","듣는 사람(할아버지)","4","비표준 — 사물 높임(주어 '국밥' = 청자와 무관한 주문·예약한 것)","A1=건강·기분(기운) / A2=주문·예약한 것(국밥) / 장면=국밥집(가게, 서비스 발화) / 화계=해요체 / 서술어 넘치다(현재)·나오다(과거) — 서술어 다름 / 주어 음절 2·2 / 판정 근거: 기운은 청자의 건강 상태. 국밥은 청자가 주문한 음식('커피 나오셨습니다'형 사물 높임) | P4-03 검수: 판정 유지(a 적격·b 덜 선호·c 비표준·d 적격) | c는 『표준 언어 예절』(2011) 159쪽이 바른 경어법이 아니라고 든 '주문하신 커피 나오셨습니다'와 같은 구조(청자가 주문·예약한 뒤 아직 건네받지 않은 물건)라 비표준 판정이 규범과 맞음"
"E2","11","d","A2","B2","target","점심때 동네 국밥집 주인이, 수술 뒤 한 달 만에 가게에 들른 70대 남성 단골에게 이 남성이 주문한 국밥을 가져다주며 말한다. 가게에는 주문이 밀려 있었다.","할아버지, 오늘은 주문이 밀려서 국밥이 좀 늦게 나왔어요.","나왔어요","","","","1","적격 — 사물 주어에 -시- 없음(청자 높임은 해요체로 유지)","A1=건강·기분(기운) / A2=주문·예약한 것(국밥) / 장면=국밥집(가게, 서비스 발화) / 화계=해요체 / 서술어 넘치다(현재)·나오다(과거) — 서술어 다름 / 주어 음절 2·2 / 판정 근거: 기운은 청자의 건강 상태. 국밥은 청자가 주문한 음식('커피 나오셨습니다'형 사물 높임) | P4-03 검수: 판정 유지(a 적격·b 덜 선호·c 비표준·d 적격) | c는 『표준 언어 예절』(2011) 159쪽이 바른 경어법이 아니라고 든 '주문하신 커피 나오셨습니다'와 같은 구조(청자가 주문·예약한 뒤 아직 건네받지 않은 물건)라 비표준 판정이 규범과 맞음"
"E2","12","a","A1","B1","target","주말 아침, 사위가 장인과 함께 동네 시장에 장을 보러 나와 과일 가게 앞에서 말한다. 장인은 지난달 감기로 한동안 앓아누웠다가 최근 회복했다.","아버님, 오늘은 아침부터 혈색이 좋아 보이세요.","보이세요","이 말에서 화자가 '-시-'로 높이려는 대상은 누구입니까?","듣는 사람(아버님)|혈색|화자 자신|높이려는 대상이 없다","듣는 사람(아버님)","1","적격 — 간접 높임(주어 '혈색' = 청자의 건강·기분)","A1=건강·기분(혈색) / A2=상품·음식(사과) / 장면=전통시장 과일 가게(가게이나 화자는 가족, 비서비스) / 화계=해요체 / 서술어 좋아 보이다(A1·A2 같은 서술어) / 주어 음절 2·2 / 판정 근거: 혈색은 청자의 건강 상태. 사과는 과일 가게가 파는 상품으로 청자와 무관 | P4-03 검수: 판정 유지(a 적격·b 덜 선호·c 비표준·d 적격)"
"E2","12","b","A1","B2","target","주말 아침, 사위가 장인과 함께 동네 시장에 장을 보러 나와 과일 가게 앞에서 말한다. 장인은 지난달 감기로 한동안 앓아누웠다가 최근 회복했다.","아버님, 오늘은 아침부터 혈색이 좋아 보여요.","보여요","","","","2","덜 선호 — 간접 높임 생략(주어 '혈색' = 청자의 건강·기분, 청자 높임은 해요체로 유지)","A1=건강·기분(혈색) / A2=상품·음식(사과) / 장면=전통시장 과일 가게(가게이나 화자는 가족, 비서비스) / 화계=해요체 / 서술어 좋아 보이다(A1·A2 같은 서술어) / 주어 음절 2·2 / 판정 근거: 혈색은 청자의 건강 상태. 사과는 과일 가게가 파는 상품으로 청자와 무관 | P4-03 검수: 판정 유지(a 적격·b 덜 선호·c 비표준·d 적격)"
"E2","12","c","A2","B1","target","주말 아침, 사위가 장인과 함께 동네 시장에 장을 보러 나와 과일 가게 앞에서 말한다. 장인은 지난달 감기로 한동안 앓아누웠다가 최근 회복했다.","아버님, 이 가게 사과는 하나같이 좋아 보이세요.","보이세요","이 말에서 화자가 '-시-'로 높이려는 대상은 누구입니까?","듣는 사람(아버님)|사과|화자 자신|높이려는 대상이 없다","듣는 사람(아버님)","3","비표준 — 사물 높임(주어 '사과' = 청자와 무관한 상품·음식)","A1=건강·기분(혈색) / A2=상품·음식(사과) / 장면=전통시장 과일 가게(가게이나 화자는 가족, 비서비스) / 화계=해요체 / 서술어 좋아 보이다(A1·A2 같은 서술어) / 주어 음절 2·2 / 판정 근거: 혈색은 청자의 건강 상태. 사과는 과일 가게가 파는 상품으로 청자와 무관 | P4-03 검수: 판정 유지(a 적격·b 덜 선호·c 비표준·d 적격)"
"E2","12","d","A2","B2","target","주말 아침, 사위가 장인과 함께 동네 시장에 장을 보러 나와 과일 가게 앞에서 말한다. 장인은 지난달 감기로 한동안 앓아누웠다가 최근 회복했다.","아버님, 이 가게 사과는 하나같이 좋아 보여요.","보여요","","","","4","적격 — 사물 주어에 -시- 없음(청자 높임은 해요체로 유지)","A1=건강·기분(혈색) / A2=상품·음식(사과) / 장면=전통시장 과일 가게(가게이나 화자는 가족, 비서비스) / 화계=해요체 / 서술어 좋아 보이다(A1·A2 같은 서술어) / 주어 음절 2·2 / 판정 근거: 혈색은 청자의 건강 상태. 사과는 과일 가게가 파는 상품으로 청자와 무관 | P4-03 검수: 판정 유지(a 적격·b 덜 선호·c 비표준·d 적격)"
"E2","13","a","A1","B1","target","월요일 아침, 비서가 회사 로비에서 출근한 부장을 맞으며 이번 주 업무를 보고한다. 로비에서는 이번 주 내내 인테리어 공사가 진행된다.","부장님, 이번 주는 출장 때문에 일정이 꽤 복잡하십니다.","복잡하십니다","이 말에서 화자가 '-시-'로 높이려는 대상은 누구입니까?","듣는 사람(부장님)|일정|화자 자신|높이려는 대상이 없다","듣는 사람(부장님)","4","적격 — 간접 높임(주어 '일정' = 청자의 말씀·생각·계획)","A1=말씀·생각·계획(일정) / A2=시설·장소(로비) / 장면=회사 로비(회사, 비서비스) / 화계=합쇼체 / 서술어 복잡하다(A1·A2 같은 서술어) / 주어 음절 2·2 / 판정 근거: 일정은 청자의 계획. 로비는 회사 건물 공간으로 청자와 무관 | P4-03 검수: 판정 유지(a 적격·b 덜 선호·c 비표준·d 적격)"
"E2","13","b","A1","B2","target","월요일 아침, 비서가 회사 로비에서 출근한 부장을 맞으며 이번 주 업무를 보고한다. 로비에서는 이번 주 내내 인테리어 공사가 진행된다.","부장님, 이번 주는 출장 때문에 일정이 꽤 복잡합니다.","복잡합니다","","","","1","덜 선호 — 간접 높임 생략(주어 '일정' = 청자의 말씀·생각·계획, 청자 높임은 합쇼체로 유지)","A1=말씀·생각·계획(일정) / A2=시설·장소(로비) / 장면=회사 로비(회사, 비서비스) / 화계=합쇼체 / 서술어 복잡하다(A1·A2 같은 서술어) / 주어 음절 2·2 / 판정 근거: 일정은 청자의 계획. 로비는 회사 건물 공간으로 청자와 무관 | P4-03 검수: 판정 유지(a 적격·b 덜 선호·c 비표준·d 적격)"
"E2","13","c","A2","B1","target","월요일 아침, 비서가 회사 로비에서 출근한 부장을 맞으며 이번 주 업무를 보고한다. 로비에서는 이번 주 내내 인테리어 공사가 진행된다.","부장님, 이번 주는 공사 때문에 로비가 꽤 복잡하십니다.","복잡하십니다","이 말에서 화자가 '-시-'로 높이려는 대상은 누구입니까?","듣는 사람(부장님)|로비|화자 자신|높이려는 대상이 없다","듣는 사람(부장님)","2","비표준 — 사물 높임(주어 '로비' = 청자와 무관한 시설·장소)","A1=말씀·생각·계획(일정) / A2=시설·장소(로비) / 장면=회사 로비(회사, 비서비스) / 화계=합쇼체 / 서술어 복잡하다(A1·A2 같은 서술어) / 주어 음절 2·2 / 판정 근거: 일정은 청자의 계획. 로비는 회사 건물 공간으로 청자와 무관 | P4-03 검수: 판정 유지(a 적격·b 덜 선호·c 비표준·d 적격)"
"E2","13","d","A2","B2","target","월요일 아침, 비서가 회사 로비에서 출근한 부장을 맞으며 이번 주 업무를 보고한다. 로비에서는 이번 주 내내 인테리어 공사가 진행된다.","부장님, 이번 주는 공사 때문에 로비가 꽤 복잡합니다.","복잡합니다","","","","3","적격 — 사물 주어에 -시- 없음(청자 높임은 합쇼체로 유지)","A1=말씀·생각·계획(일정) / A2=시설·장소(로비) / 장면=회사 로비(회사, 비서비스) / 화계=합쇼체 / 서술어 복잡하다(A1·A2 같은 서술어) / 주어 음절 2·2 / 판정 근거: 일정은 청자의 계획. 로비는 회사 건물 공간으로 청자와 무관 | P4-03 검수: 판정 유지(a 적격·b 덜 선호·c 비표준·d 적격)"
"E2","14","a","A1","B1","target","은행 창구에서 직원이 석 달 만에 대출 상담을 받으러 다시 온 50대 남성 고객의 상담 서류를 넘겨 보며 말한다.","고객님, 지난번 상담 때와는 생각이 많이 바뀌셨습니다.","바뀌셨습니다","이 말에서 화자가 '-시-'로 높이려는 대상은 누구입니까?","듣는 사람(고객님)|생각|화자 자신|높이려는 대상이 없다","듣는 사람(고객님)","3","적격 — 간접 높임(주어 '생각' = 청자의 말씀·생각·계획)","A1=말씀·생각·계획(생각) / A2=가격·요금(시중 금리) / 장면=은행 창구(금융, 서비스 발화) / 화계=합쇼체 / 서술어 바뀌다(A1·A2 같은 서술어) / 주어 음절 2·2 / 판정 근거: 생각은 청자의 생각. 시중 금리는 시장 전체의 이자율(돈의 가격)로 청자 개인의 대출 조건과 구별되게 '시중'을 붙임 | P4-03 검수: 판정 유지(a 적격·b 덜 선호·c 비표준·d 적격)"
"E2","14","b","A1","B2","target","은행 창구에서 직원이 석 달 만에 대출 상담을 받으러 다시 온 50대 남성 고객의 상담 서류를 넘겨 보며 말한다.","고객님, 지난번 상담 때와는 생각이 많이 바뀌었습니다.","바뀌었습니다","","","","4","덜 선호 — 간접 높임 생략(주어 '생각' = 청자의 말씀·생각·계획, 청자 높임은 합쇼체로 유지)","A1=말씀·생각·계획(생각) / A2=가격·요금(시중 금리) / 장면=은행 창구(금융, 서비스 발화) / 화계=합쇼체 / 서술어 바뀌다(A1·A2 같은 서술어) / 주어 음절 2·2 / 판정 근거: 생각은 청자의 생각. 시중 금리는 시장 전체의 이자율(돈의 가격)로 청자 개인의 대출 조건과 구별되게 '시중'을 붙임 | P4-03 검수: 판정 유지(a 적격·b 덜 선호·c 비표준·d 적격)"
"E2","14","c","A2","B1","target","은행 창구에서 직원이 석 달 만에 대출 상담을 받으러 다시 온 50대 남성 고객의 상담 서류를 넘겨 보며 말한다.","고객님, 지난번 상담 때와는 시중 금리가 많이 바뀌셨습니다.","바뀌셨습니다","이 말에서 화자가 '-시-'로 높이려는 대상은 누구입니까?","듣는 사람(고객님)|시중 금리|화자 자신|높이려는 대상이 없다","듣는 사람(고객님)","1","비표준 — 사물 높임(주어 '시중 금리' = 청자와 무관한 가격·요금)","A1=말씀·생각·계획(생각) / A2=가격·요금(시중 금리) / 장면=은행 창구(금융, 서비스 발화) / 화계=합쇼체 / 서술어 바뀌다(A1·A2 같은 서술어) / 주어 음절 2·2 / 판정 근거: 생각은 청자의 생각. 시중 금리는 시장 전체의 이자율(돈의 가격)로 청자 개인의 대출 조건과 구별되게 '시중'을 붙임 | P4-03 검수: 판정 유지(a 적격·b 덜 선호·c 비표준·d 적격)"
"E2","14","d","A2","B2","target","은행 창구에서 직원이 석 달 만에 대출 상담을 받으러 다시 온 50대 남성 고객의 상담 서류를 넘겨 보며 말한다.","고객님, 지난번 상담 때와는 시중 금리가 많이 바뀌었습니다.","바뀌었습니다","","","","2","적격 — 사물 주어에 -시- 없음(청자 높임은 합쇼체로 유지)","A1=말씀·생각·계획(생각) / A2=가격·요금(시중 금리) / 장면=은행 창구(금융, 서비스 발화) / 화계=합쇼체 / 서술어 바뀌다(A1·A2 같은 서술어) / 주어 음절 2·2 / 판정 근거: 생각은 청자의 생각. 시중 금리는 시장 전체의 이자율(돈의 가격)로 청자 개인의 대출 조건과 구별되게 '시중'을 붙임 | P4-03 검수: 판정 유지(a 적격·b 덜 선호·c 비표준·d 적격)"
"E2","15","a","A1","B1","target","저녁 식사 뒤 거실에서, 대학생 딸이 아버지가 직접 짠 가족 여행 일정표와 숙소 예약 사이트를 함께 보며 말한다.","아버지, 이번 여행 계획이 생각보다 너무 빡빡하세요.","빡빡하세요","이 말에서 화자가 '-시-'로 높이려는 대상은 누구입니까?","듣는 사람(아버지)|여행 계획|화자 자신|높이려는 대상이 없다","듣는 사람(아버지)","2","적격 — 간접 높임(주어 '여행 계획' = 청자의 말씀·생각·계획)","A1=말씀·생각·계획(여행 계획) / A2=가격·요금(방값) / 장면=가정 거실(비서비스) / 화계=해요체 / 서술어 빡빡하다·비싸다(모두 현재) / 주어 음절 2·2 / 판정 근거: 여행 계획은 청자가 직접 짠 계획. 방값은 아직 예약하지 않은 숙소의 가격으로 청자와 무관 | P4-03 판정: b·c·d 유지, a의 '적격(간접 높임)'은 확정하지 못함. 인간검수필요: 주어 '여행 계획'은 아버지가 짠 가족 여행 일정표(산출물)이고 '빡빡하다'는 일정의 밀도를 말할 뿐 청자의 성품·상태를 말하지 않아, 간접 높임 허용 범위의 경계('교수님, 과제가 너무 많으세요'형)에 있음. 『표준 언어 예절』(2011) 159쪽의 간접 존대 예는 신체·성품·심리·소유물. a가 과잉 높임으로 평정되면 A1 안의 -시- 효과가 뒤집힐 수 있음"
"E2","15","b","A1","B2","target","저녁 식사 뒤 거실에서, 대학생 딸이 아버지가 직접 짠 가족 여행 일정표와 숙소 예약 사이트를 함께 보며 말한다.","아버지, 이번 여행 계획이 생각보다 너무 빡빡해요.","빡빡해요","","","","3","덜 선호 — 간접 높임 생략(주어 '여행 계획' = 청자의 말씀·생각·계획, 청자 높임은 해요체로 유지)","A1=말씀·생각·계획(여행 계획) / A2=가격·요금(방값) / 장면=가정 거실(비서비스) / 화계=해요체 / 서술어 빡빡하다·비싸다(모두 현재) / 주어 음절 2·2 / 판정 근거: 여행 계획은 청자가 직접 짠 계획. 방값은 아직 예약하지 않은 숙소의 가격으로 청자와 무관 | P4-03 판정: b·c·d 유지, a의 '적격(간접 높임)'은 확정하지 못함. 인간검수필요: 주어 '여행 계획'은 아버지가 짠 가족 여행 일정표(산출물)이고 '빡빡하다'는 일정의 밀도를 말할 뿐 청자의 성품·상태를 말하지 않아, 간접 높임 허용 범위의 경계('교수님, 과제가 너무 많으세요'형)에 있음. 『표준 언어 예절』(2011) 159쪽의 간접 존대 예는 신체·성품·심리·소유물. a가 과잉 높임으로 평정되면 A1 안의 -시- 효과가 뒤집힐 수 있음"
"E2","15","c","A2","B1","target","저녁 식사 뒤 거실에서, 대학생 딸이 아버지가 직접 짠 가족 여행 일정표와 숙소 예약 사이트를 함께 보며 말한다.","아버지, 이 숙소는 방값이 생각보다 너무 비싸세요.","비싸세요","이 말에서 화자가 '-시-'로 높이려는 대상은 누구입니까?","듣는 사람(아버지)|방값|화자 자신|높이려는 대상이 없다","듣는 사람(아버지)","4","비표준 — 사물 높임(주어 '방값' = 청자와 무관한 가격·요금)","A1=말씀·생각·계획(여행 계획) / A2=가격·요금(방값) / 장면=가정 거실(비서비스) / 화계=해요체 / 서술어 빡빡하다·비싸다(모두 현재) / 주어 음절 2·2 / 판정 근거: 여행 계획은 청자가 직접 짠 계획. 방값은 아직 예약하지 않은 숙소의 가격으로 청자와 무관 | P4-03 판정: b·c·d 유지, a의 '적격(간접 높임)'은 확정하지 못함. 인간검수필요: 주어 '여행 계획'은 아버지가 짠 가족 여행 일정표(산출물)이고 '빡빡하다'는 일정의 밀도를 말할 뿐 청자의 성품·상태를 말하지 않아, 간접 높임 허용 범위의 경계('교수님, 과제가 너무 많으세요'형)에 있음. 『표준 언어 예절』(2011) 159쪽의 간접 존대 예는 신체·성품·심리·소유물. a가 과잉 높임으로 평정되면 A1 안의 -시- 효과가 뒤집힐 수 있음"
"E2","15","d","A2","B2","target","저녁 식사 뒤 거실에서, 대학생 딸이 아버지가 직접 짠 가족 여행 일정표와 숙소 예약 사이트를 함께 보며 말한다.","아버지, 이 숙소는 방값이 생각보다 너무 비싸요.","비싸요","","","","1","적격 — 사물 주어에 -시- 없음(청자 높임은 해요체로 유지)","A1=말씀·생각·계획(여행 계획) / A2=가격·요금(방값) / 장면=가정 거실(비서비스) / 화계=해요체 / 서술어 빡빡하다·비싸다(모두 현재) / 주어 음절 2·2 / 판정 근거: 여행 계획은 청자가 직접 짠 계획. 방값은 아직 예약하지 않은 숙소의 가격으로 청자와 무관 | P4-03 판정: b·c·d 유지, a의 '적격(간접 높임)'은 확정하지 못함. 인간검수필요: 주어 '여행 계획'은 아버지가 짠 가족 여행 일정표(산출물)이고 '빡빡하다'는 일정의 밀도를 말할 뿐 청자의 성품·상태를 말하지 않아, 간접 높임 허용 범위의 경계('교수님, 과제가 너무 많으세요'형)에 있음. 『표준 언어 예절』(2011) 159쪽의 간접 존대 예는 신체·성품·심리·소유물. a가 과잉 높임으로 평정되면 A1 안의 -시- 효과가 뒤집힐 수 있음"
"E2","16","a","A1","B1","target","오후 특강이 끝난 뒤, 대학원생이 특강을 마친 지도교수와 함께 강당을 나서며 말한다. 이날 특강에는 청중이 많이 몰렸다.","교수님, 오늘은 말씀이 생각보다 좀 빠르셨어요.","빠르셨어요","이 말에서 화자가 '-시-'로 높이려는 대상은 누구입니까?","듣는 사람(교수님)|말씀|화자 자신|높이려는 대상이 없다","듣는 사람(교수님)","1","적격 — 간접 높임(주어 '말씀' = 청자의 말씀·생각·계획)","A1=말씀·생각·계획(말씀) / A2=시설·장소(강당) / 장면=대학 강당(학교, 비서비스) / 화계=해요체 / 서술어 빠르다·좁다(모두 과거, 5음절 활용형) / 주어 음절 2·2 / 판정 근거: 말씀은 청자의 말. 강당은 학교 시설로 청자와 무관(주제어 '오늘 특강은'을 빼 청자 행위와의 연결을 끊음) | P4-03 검수: 판정 유지(a 적격·b 덜 선호·c 비표준·d 적격)"
"E2","16","b","A1","B2","target","오후 특강이 끝난 뒤, 대학원생이 특강을 마친 지도교수와 함께 강당을 나서며 말한다. 이날 특강에는 청중이 많이 몰렸다.","교수님, 오늘은 말씀이 생각보다 좀 빨랐어요.","빨랐어요","","","","2","덜 선호 — 간접 높임 생략(주어 '말씀' = 청자의 말씀·생각·계획, 청자 높임은 해요체로 유지)","A1=말씀·생각·계획(말씀) / A2=시설·장소(강당) / 장면=대학 강당(학교, 비서비스) / 화계=해요체 / 서술어 빠르다·좁다(모두 과거, 5음절 활용형) / 주어 음절 2·2 / 판정 근거: 말씀은 청자의 말. 강당은 학교 시설로 청자와 무관(주제어 '오늘 특강은'을 빼 청자 행위와의 연결을 끊음) | P4-03 검수: 판정 유지(a 적격·b 덜 선호·c 비표준·d 적격)"
"E2","16","c","A2","B1","target","오후 특강이 끝난 뒤, 대학원생이 특강을 마친 지도교수와 함께 강당을 나서며 말한다. 이날 특강에는 청중이 많이 몰렸다.","교수님, 오늘은 강당이 생각보다 좀 좁으셨어요.","좁으셨어요","이 말에서 화자가 '-시-'로 높이려는 대상은 누구입니까?","듣는 사람(교수님)|강당|화자 자신|높이려는 대상이 없다","듣는 사람(교수님)","3","비표준 — 사물 높임(주어 '강당' = 청자와 무관한 시설·장소)","A1=말씀·생각·계획(말씀) / A2=시설·장소(강당) / 장면=대학 강당(학교, 비서비스) / 화계=해요체 / 서술어 빠르다·좁다(모두 과거, 5음절 활용형) / 주어 음절 2·2 / 판정 근거: 말씀은 청자의 말. 강당은 학교 시설로 청자와 무관(주제어 '오늘 특강은'을 빼 청자 행위와의 연결을 끊음) | P4-03 검수: 판정 유지(a 적격·b 덜 선호·c 비표준·d 적격)"
"E2","16","d","A2","B2","target","오후 특강이 끝난 뒤, 대학원생이 특강을 마친 지도교수와 함께 강당을 나서며 말한다. 이날 특강에는 청중이 많이 몰렸다.","교수님, 오늘은 강당이 생각보다 좀 좁았어요.","좁았어요","","","","4","적격 — 사물 주어에 -시- 없음(청자 높임은 해요체로 유지)","A1=말씀·생각·계획(말씀) / A2=시설·장소(강당) / 장면=대학 강당(학교, 비서비스) / 화계=해요체 / 서술어 빠르다·좁다(모두 과거, 5음절 활용형) / 주어 음절 2·2 / 판정 근거: 말씀은 청자의 말. 강당은 학교 시설로 청자와 무관(주제어 '오늘 특강은'을 빼 청자 행위와의 연결을 끊음) | P4-03 검수: 판정 유지(a 적격·b 덜 선호·c 비표준·d 적격)"
"E2","17","a","A1","B1","target","케이크 가게에서 직원이, 가족 잔치 순서를 자세히 들려준 40대 여성 고객에게 이 고객이 이틀 전에 주문한 케이크를 꺼내 보여 주며 말한다.","고객님, 이번 잔치는 계획이 정말 꼼꼼하세요.","꼼꼼하세요","이 말에서 화자가 '-시-'로 높이려는 대상은 누구입니까?","듣는 사람(고객님)|계획|화자 자신|높이려는 대상이 없다","듣는 사람(고객님)","4","적격 — 간접 높임(주어 '계획' = 청자의 말씀·생각·계획)","A1=말씀·생각·계획(계획) / A2=주문·예약한 것(케이크 모양) / 장면=케이크 가게(가게, 서비스 발화) / 화계=해요체 / 서술어 꼼꼼하다(현재)·예쁘게 나오다(과거) — 서술어 다름 / 주어 음절 2·2 / 판정 근거: 잔치 계획은 청자가 세운 계획. 케이크 모양은 청자가 주문한 상품의 모양(가게가 만듦) | P4-03 검수: 판정 유지(a 적격·b 덜 선호·c 비표준·d 적격) | c는 『표준 언어 예절』(2011) 159쪽이 바른 경어법이 아니라고 든 '주문하신 커피 나오셨습니다'와 같은 구조(청자가 주문·예약한 뒤 아직 건네받지 않은 물건)라 비표준 판정이 규범과 맞음"
"E2","17","b","A1","B2","target","케이크 가게에서 직원이, 가족 잔치 순서를 자세히 들려준 40대 여성 고객에게 이 고객이 이틀 전에 주문한 케이크를 꺼내 보여 주며 말한다.","고객님, 이번 잔치는 계획이 정말 꼼꼼해요.","꼼꼼해요","","","","1","덜 선호 — 간접 높임 생략(주어 '계획' = 청자의 말씀·생각·계획, 청자 높임은 해요체로 유지)","A1=말씀·생각·계획(계획) / A2=주문·예약한 것(케이크 모양) / 장면=케이크 가게(가게, 서비스 발화) / 화계=해요체 / 서술어 꼼꼼하다(현재)·예쁘게 나오다(과거) — 서술어 다름 / 주어 음절 2·2 / 판정 근거: 잔치 계획은 청자가 세운 계획. 케이크 모양은 청자가 주문한 상품의 모양(가게가 만듦) | P4-03 검수: 판정 유지(a 적격·b 덜 선호·c 비표준·d 적격) | c는 『표준 언어 예절』(2011) 159쪽이 바른 경어법이 아니라고 든 '주문하신 커피 나오셨습니다'와 같은 구조(청자가 주문·예약한 뒤 아직 건네받지 않은 물건)라 비표준 판정이 규범과 맞음"
"E2","17","c","A2","B1","target","케이크 가게에서 직원이, 가족 잔치 순서를 자세히 들려준 40대 여성 고객에게 이 고객이 이틀 전에 주문한 케이크를 꺼내 보여 주며 말한다.","고객님, 이번 케이크는 모양이 정말 예쁘게 나오셨어요.","나오셨어요","이 말에서 화자가 '-시-'로 높이려는 대상은 누구입니까?","듣는 사람(고객님)|케이크 모양|화자 자신|높이려는 대상이 없다","듣는 사람(고객님)","2","비표준 — 사물 높임(주어 '케이크 모양' = 청자와 무관한 주문·예약한 것)","A1=말씀·생각·계획(계획) / A2=주문·예약한 것(케이크 모양) / 장면=케이크 가게(가게, 서비스 발화) / 화계=해요체 / 서술어 꼼꼼하다(현재)·예쁘게 나오다(과거) — 서술어 다름 / 주어 음절 2·2 / 판정 근거: 잔치 계획은 청자가 세운 계획. 케이크 모양은 청자가 주문한 상품의 모양(가게가 만듦) | P4-03 검수: 판정 유지(a 적격·b 덜 선호·c 비표준·d 적격) | c는 『표준 언어 예절』(2011) 159쪽이 바른 경어법이 아니라고 든 '주문하신 커피 나오셨습니다'와 같은 구조(청자가 주문·예약한 뒤 아직 건네받지 않은 물건)라 비표준 판정이 규범과 맞음"
"E2","17","d","A2","B2","target","케이크 가게에서 직원이, 가족 잔치 순서를 자세히 들려준 40대 여성 고객에게 이 고객이 이틀 전에 주문한 케이크를 꺼내 보여 주며 말한다.","고객님, 이번 케이크는 모양이 정말 예쁘게 나왔어요.","나왔어요","","","","3","적격 — 사물 주어에 -시- 없음(청자 높임은 해요체로 유지)","A1=말씀·생각·계획(계획) / A2=주문·예약한 것(케이크 모양) / 장면=케이크 가게(가게, 서비스 발화) / 화계=해요체 / 서술어 꼼꼼하다(현재)·예쁘게 나오다(과거) — 서술어 다름 / 주어 음절 2·2 / 판정 근거: 잔치 계획은 청자가 세운 계획. 케이크 모양은 청자가 주문한 상품의 모양(가게가 만듦) | P4-03 검수: 판정 유지(a 적격·b 덜 선호·c 비표준·d 적격) | c는 『표준 언어 예절』(2011) 159쪽이 바른 경어법이 아니라고 든 '주문하신 커피 나오셨습니다'와 같은 구조(청자가 주문·예약한 뒤 아직 건네받지 않은 물건)라 비표준 판정이 규범과 맞음"
"E2","18","a","A1","B1","target","점심시간, 대리가 같은 부서 과장과 회사 근처의 오래된 김치찌개 집에 오랜만에 와서, 오전 회의에서 나온 기획안 이야기를 나누며 말한다.","과장님, 이번 기획안은 생각이 저랑 완전히 똑같으세요.","똑같으세요","이 말에서 화자가 '-시-'로 높이려는 대상은 누구입니까?","듣는 사람(과장님)|생각|화자 자신|높이려는 대상이 없다","듣는 사람(과장님)","3","적격 — 간접 높임(주어 '생각' = 청자의 말씀·생각·계획)","A1=말씀·생각·계획(생각) / A2=상품·음식(김치찌개 국물) / 장면=김치찌개 식당(식당이나 화자는 동료, 비서비스) / 화계=해요체 / 서술어 똑같다(A1·A2 같은 서술어) / 주어 음절 2·2 / 판정 근거: 생각은 청자의 생각. 김치찌개 국물은 식당이 파는 음식('이 집 김치찌개' 일반)으로 청자와 무관 | P4-03 검수: 판정 유지(a 적격·b 덜 선호·c 비표준·d 적격)"
"E2","18","b","A1","B2","target","점심시간, 대리가 같은 부서 과장과 회사 근처의 오래된 김치찌개 집에 오랜만에 와서, 오전 회의에서 나온 기획안 이야기를 나누며 말한다.","과장님, 이번 기획안은 생각이 저랑 완전히 똑같아요.","똑같아요","","","","4","덜 선호 — 간접 높임 생략(주어 '생각' = 청자의 말씀·생각·계획, 청자 높임은 해요체로 유지)","A1=말씀·생각·계획(생각) / A2=상품·음식(김치찌개 국물) / 장면=김치찌개 식당(식당이나 화자는 동료, 비서비스) / 화계=해요체 / 서술어 똑같다(A1·A2 같은 서술어) / 주어 음절 2·2 / 판정 근거: 생각은 청자의 생각. 김치찌개 국물은 식당이 파는 음식('이 집 김치찌개' 일반)으로 청자와 무관 | P4-03 검수: 판정 유지(a 적격·b 덜 선호·c 비표준·d 적격)"
"E2","18","c","A2","B1","target","점심시간, 대리가 같은 부서 과장과 회사 근처의 오래된 김치찌개 집에 오랜만에 와서, 오전 회의에서 나온 기획안 이야기를 나누며 말한다.","과장님, 이 집 김치찌개는 국물이 예전이랑 완전히 똑같으세요.","똑같으세요","이 말에서 화자가 '-시-'로 높이려는 대상은 누구입니까?","듣는 사람(과장님)|김치찌개 국물|화자 자신|높이려는 대상이 없다","듣는 사람(과장님)","1","비표준 — 사물 높임(주어 '김치찌개 국물' = 청자와 무관한 상품·음식)","A1=말씀·생각·계획(생각) / A2=상품·음식(김치찌개 국물) / 장면=김치찌개 식당(식당이나 화자는 동료, 비서비스) / 화계=해요체 / 서술어 똑같다(A1·A2 같은 서술어) / 주어 음절 2·2 / 판정 근거: 생각은 청자의 생각. 김치찌개 국물은 식당이 파는 음식('이 집 김치찌개' 일반)으로 청자와 무관 | P4-03 검수: 판정 유지(a 적격·b 덜 선호·c 비표준·d 적격)"
"E2","18","d","A2","B2","target","점심시간, 대리가 같은 부서 과장과 회사 근처의 오래된 김치찌개 집에 오랜만에 와서, 오전 회의에서 나온 기획안 이야기를 나누며 말한다.","과장님, 이 집 김치찌개는 국물이 예전이랑 완전히 똑같아요.","똑같아요","","","","2","적격 — 사물 주어에 -시- 없음(청자 높임은 해요체로 유지)","A1=말씀·생각·계획(생각) / A2=상품·음식(김치찌개 국물) / 장면=김치찌개 식당(식당이나 화자는 동료, 비서비스) / 화계=해요체 / 서술어 똑같다(A1·A2 같은 서술어) / 주어 음절 2·2 / 판정 근거: 생각은 청자의 생각. 김치찌개 국물은 식당이 파는 음식('이 집 김치찌개' 일반)으로 청자와 무관 | P4-03 검수: 판정 유지(a 적격·b 덜 선호·c 비표준·d 적격)"
"E2","19","a","A1","B1","target","꽃집 주인이, 며칠 전 전화로 꽃값을 물어 왔던 70대 여성이 가게에 들르자 반갑게 맞으며 진열대의 국화를 권한다.","어머님, 전화로 들을 때처럼 말투가 참 고우세요.","고우세요","이 말에서 화자가 '-시-'로 높이려는 대상은 누구입니까?","듣는 사람(어머님)|말투|화자 자신|높이려는 대상이 없다","듣는 사람(어머님)","2","적격 — 간접 높임(주어 '말투' = 청자의 연세·성함 등 속성)","A1=연세·성함 등 속성(말투) / A2=상품·음식(국화 색깔) / 장면=꽃집(가게, 서비스 발화) / 화계=해요체 / 서술어 곱다(A1·A2 같은 서술어) / 주어 음절 2·2 / 판정 근거: 말투는 청자의 속성(말하는 방식). 국화 색깔은 꽃집이 파는 상품의 속성으로 청자와 무관 | P4-03 검수: 판정 유지(a 적격·b 덜 선호·c 비표준·d 적격)"
"E2","19","b","A1","B2","target","꽃집 주인이, 며칠 전 전화로 꽃값을 물어 왔던 70대 여성이 가게에 들르자 반갑게 맞으며 진열대의 국화를 권한다.","어머님, 전화로 들을 때처럼 말투가 참 고와요.","고와요","","","","3","덜 선호 — 간접 높임 생략(주어 '말투' = 청자의 연세·성함 등 속성, 청자 높임은 해요체로 유지)","A1=연세·성함 등 속성(말투) / A2=상품·음식(국화 색깔) / 장면=꽃집(가게, 서비스 발화) / 화계=해요체 / 서술어 곱다(A1·A2 같은 서술어) / 주어 음절 2·2 / 판정 근거: 말투는 청자의 속성(말하는 방식). 국화 색깔은 꽃집이 파는 상품의 속성으로 청자와 무관 | P4-03 검수: 판정 유지(a 적격·b 덜 선호·c 비표준·d 적격)"
"E2","19","c","A2","B1","target","꽃집 주인이, 며칠 전 전화로 꽃값을 물어 왔던 70대 여성이 가게에 들르자 반갑게 맞으며 진열대의 국화를 권한다.","어머님, 이번에 들어온 국화는 색깔이 참 고우세요.","고우세요","이 말에서 화자가 '-시-'로 높이려는 대상은 누구입니까?","듣는 사람(어머님)|국화 색깔|화자 자신|높이려는 대상이 없다","듣는 사람(어머님)","4","비표준 — 사물 높임(주어 '국화 색깔' = 청자와 무관한 상품·음식)","A1=연세·성함 등 속성(말투) / A2=상품·음식(국화 색깔) / 장면=꽃집(가게, 서비스 발화) / 화계=해요체 / 서술어 곱다(A1·A2 같은 서술어) / 주어 음절 2·2 / 판정 근거: 말투는 청자의 속성(말하는 방식). 국화 색깔은 꽃집이 파는 상품의 속성으로 청자와 무관 | P4-03 검수: 판정 유지(a 적격·b 덜 선호·c 비표준·d 적격)"
"E2","19","d","A2","B2","target","꽃집 주인이, 며칠 전 전화로 꽃값을 물어 왔던 70대 여성이 가게에 들르자 반갑게 맞으며 진열대의 국화를 권한다.","어머님, 이번에 들어온 국화는 색깔이 참 고와요.","고와요","","","","1","적격 — 사물 주어에 -시- 없음(청자 높임은 해요체로 유지)","A1=연세·성함 등 속성(말투) / A2=상품·음식(국화 색깔) / 장면=꽃집(가게, 서비스 발화) / 화계=해요체 / 서술어 곱다(A1·A2 같은 서술어) / 주어 음절 2·2 / 판정 근거: 말투는 청자의 속성(말하는 방식). 국화 색깔은 꽃집이 파는 상품의 속성으로 청자와 무관 | P4-03 검수: 판정 유지(a 적격·b 덜 선호·c 비표준·d 적격)"
"E2","20","a","A1","B1","target","주말 오후, 20대 등산객이 산 중턱 쉼터에서 처음 만난 80대 남성 등산객과 나이 이야기를 나눈 뒤 함께 쉬며 말한다.","할아버지, 제 생각보다 연세가 훨씬 많으세요.","많으세요","이 말에서 화자가 '-시-'로 높이려는 대상은 누구입니까?","듣는 사람(할아버지)|연세|화자 자신|높이려는 대상이 없다","듣는 사람(할아버지)","1","적격 — 간접 높임(주어 '연세' = 청자의 연세·성함 등 속성)","A1=연세·성함 등 속성(연세) / A2=시설·장소(쉼터) / 장면=등산로 쉼터(야외, 비서비스) / 화계=해요체 / 서술어 많다(A1·A2 같은 서술어) / 주어 음절 2·2 / 판정 근거: 연세는 청자의 속성(나이). 쉼터는 등산로 시설로 청자와 무관 | P4-03 검수: 판정 유지(a 적격·b 덜 선호·c 비표준·d 적격)"
"E2","20","b","A1","B2","target","주말 오후, 20대 등산객이 산 중턱 쉼터에서 처음 만난 80대 남성 등산객과 나이 이야기를 나눈 뒤 함께 쉬며 말한다.","할아버지, 제 생각보다 연세가 훨씬 많아요.","많아요","","","","2","덜 선호 — 간접 높임 생략(주어 '연세' = 청자의 연세·성함 등 속성, 청자 높임은 해요체로 유지)","A1=연세·성함 등 속성(연세) / A2=시설·장소(쉼터) / 장면=등산로 쉼터(야외, 비서비스) / 화계=해요체 / 서술어 많다(A1·A2 같은 서술어) / 주어 음절 2·2 / 판정 근거: 연세는 청자의 속성(나이). 쉼터는 등산로 시설로 청자와 무관 | P4-03 검수: 판정 유지(a 적격·b 덜 선호·c 비표준·d 적격)"
"E2","20","c","A2","B1","target","주말 오후, 20대 등산객이 산 중턱 쉼터에서 처음 만난 80대 남성 등산객과 나이 이야기를 나눈 뒤 함께 쉬며 말한다.","할아버지, 이 산은 생각보다 쉼터가 훨씬 많으세요.","많으세요","이 말에서 화자가 '-시-'로 높이려는 대상은 누구입니까?","듣는 사람(할아버지)|쉼터|화자 자신|높이려는 대상이 없다","듣는 사람(할아버지)","3","비표준 — 사물 높임(주어 '쉼터' = 청자와 무관한 시설·장소)","A1=연세·성함 등 속성(연세) / A2=시설·장소(쉼터) / 장면=등산로 쉼터(야외, 비서비스) / 화계=해요체 / 서술어 많다(A1·A2 같은 서술어) / 주어 음절 2·2 / 판정 근거: 연세는 청자의 속성(나이). 쉼터는 등산로 시설로 청자와 무관 | P4-03 검수: 판정 유지(a 적격·b 덜 선호·c 비표준·d 적격)"
"E2","20","d","A2","B2","target","주말 오후, 20대 등산객이 산 중턱 쉼터에서 처음 만난 80대 남성 등산객과 나이 이야기를 나눈 뒤 함께 쉬며 말한다.","할아버지, 이 산은 생각보다 쉼터가 훨씬 많아요.","많아요","","","","4","적격 — 사물 주어에 -시- 없음(청자 높임은 해요체로 유지)","A1=연세·성함 등 속성(연세) / A2=시설·장소(쉼터) / 장면=등산로 쉼터(야외, 비서비스) / 화계=해요체 / 서술어 많다(A1·A2 같은 서술어) / 주어 음절 2·2 / 판정 근거: 연세는 청자의 속성(나이). 쉼터는 등산로 시설로 청자와 무관 | P4-03 검수: 판정 유지(a 적격·b 덜 선호·c 비표준·d 적격)"
"E2","21","a","A1","B1","target","우체국 창구에서 직원이 고향 집으로 택배 상자를 부치러 온 70대 남성의 운송장 주소를 확인하며 말한다.","어르신, 주소를 보니까 고향이 저랑 같으세요.","같으세요","이 말에서 화자가 '-시-'로 높이려는 대상은 누구입니까?","듣는 사람(어르신)|고향|화자 자신|높이려는 대상이 없다","듣는 사람(어르신)","4","적격 — 간접 높임(주어 '고향' = 청자의 연세·성함 등 속성)","A1=연세·성함 등 속성(고향) / A2=가격·요금(택배 요금) / 장면=우체국 창구(관공서, 서비스 발화) / 화계=해요체 / 서술어 같다(A1·A2 같은 서술어) / 주어 음절 2·2 / 판정 근거: 고향은 청자의 속성. 택배 요금은 지역별 우편 요금으로 청자와 무관(주제어도 청자 소유물 대신 '그 지역') | P4-03 검수: 판정 유지(a 적격·b 덜 선호·c 비표준·d 적격)"
"E2","21","b","A1","B2","target","우체국 창구에서 직원이 고향 집으로 택배 상자를 부치러 온 70대 남성의 운송장 주소를 확인하며 말한다.","어르신, 주소를 보니까 고향이 저랑 같아요.","같아요","","","","1","덜 선호 — 간접 높임 생략(주어 '고향' = 청자의 연세·성함 등 속성, 청자 높임은 해요체로 유지)","A1=연세·성함 등 속성(고향) / A2=가격·요금(택배 요금) / 장면=우체국 창구(관공서, 서비스 발화) / 화계=해요체 / 서술어 같다(A1·A2 같은 서술어) / 주어 음절 2·2 / 판정 근거: 고향은 청자의 속성. 택배 요금은 지역별 우편 요금으로 청자와 무관(주제어도 청자 소유물 대신 '그 지역') | P4-03 검수: 판정 유지(a 적격·b 덜 선호·c 비표준·d 적격)"
"E2","21","c","A2","B1","target","우체국 창구에서 직원이 고향 집으로 택배 상자를 부치러 온 70대 남성의 운송장 주소를 확인하며 말한다.","어르신, 그 지역은 택배 요금이 서울이랑 같으세요.","같으세요","이 말에서 화자가 '-시-'로 높이려는 대상은 누구입니까?","듣는 사람(어르신)|택배 요금|화자 자신|높이려는 대상이 없다","듣는 사람(어르신)","2","비표준 — 사물 높임(주어 '택배 요금' = 청자와 무관한 가격·요금)","A1=연세·성함 등 속성(고향) / A2=가격·요금(택배 요금) / 장면=우체국 창구(관공서, 서비스 발화) / 화계=해요체 / 서술어 같다(A1·A2 같은 서술어) / 주어 음절 2·2 / 판정 근거: 고향은 청자의 속성. 택배 요금은 지역별 우편 요금으로 청자와 무관(주제어도 청자 소유물 대신 '그 지역') | P4-03 검수: 판정 유지(a 적격·b 덜 선호·c 비표준·d 적격)"
"E2","21","d","A2","B2","target","우체국 창구에서 직원이 고향 집으로 택배 상자를 부치러 온 70대 남성의 운송장 주소를 확인하며 말한다.","어르신, 그 지역은 택배 요금이 서울이랑 같아요.","같아요","","","","3","적격 — 사물 주어에 -시- 없음(청자 높임은 해요체로 유지)","A1=연세·성함 등 속성(고향) / A2=가격·요금(택배 요금) / 장면=우체국 창구(관공서, 서비스 발화) / 화계=해요체 / 서술어 같다(A1·A2 같은 서술어) / 주어 음절 2·2 / 판정 근거: 고향은 청자의 속성. 택배 요금은 지역별 우편 요금으로 청자와 무관(주제어도 청자 소유물 대신 '그 지역') | P4-03 검수: 판정 유지(a 적격·b 덜 선호·c 비표준·d 적격)"
"E2","22","a","A1","B1","target","한식당 입구에서 직원이 가족 모임 자리를 예약하고 온 60대 남성과 예약 내용을 확인하며 말한다. 예약 명단에는 이름 한 글자가 잘못 적혀 있고, 예약한 코스 요리 가운데 한 가지는 재료가 떨어져 다른 요리로 바뀌었다.","손님, 성함이 예약 명단과 한 글자 다르십니다.","다르십니다","이 말에서 화자가 '-시-'로 높이려는 대상은 누구입니까?","듣는 사람(손님)|성함|화자 자신|높이려는 대상이 없다","듣는 사람(손님)","3","적격 — 간접 높임(주어 '성함' = 청자의 연세·성함 등 속성)","A1=연세·성함 등 속성(성함) / A2=주문·예약한 것(코스 요리) / 장면=한식당 입구(가게, 서비스 발화) / 화계=합쇼체 / 서술어 다르다(A1·A2 같은 서술어) / 주어 음절 2·2 / 판정 근거: 성함은 청자의 속성(이름). 코스 요리는 청자가 예약한 식당 음식 | P4-03 검수: 판정 유지(a 적격·b 덜 선호·c 비표준·d 적격) | c는 『표준 언어 예절』(2011) 159쪽이 바른 경어법이 아니라고 든 '주문하신 커피 나오셨습니다'와 같은 구조(청자가 주문·예약한 뒤 아직 건네받지 않은 물건)라 비표준 판정이 규범과 맞음"
"E2","22","b","A1","B2","target","한식당 입구에서 직원이 가족 모임 자리를 예약하고 온 60대 남성과 예약 내용을 확인하며 말한다. 예약 명단에는 이름 한 글자가 잘못 적혀 있고, 예약한 코스 요리 가운데 한 가지는 재료가 떨어져 다른 요리로 바뀌었다.","손님, 성함이 예약 명단과 한 글자 다릅니다.","다릅니다","","","","4","덜 선호 — 간접 높임 생략(주어 '성함' = 청자의 연세·성함 등 속성, 청자 높임은 합쇼체로 유지)","A1=연세·성함 등 속성(성함) / A2=주문·예약한 것(코스 요리) / 장면=한식당 입구(가게, 서비스 발화) / 화계=합쇼체 / 서술어 다르다(A1·A2 같은 서술어) / 주어 음절 2·2 / 판정 근거: 성함은 청자의 속성(이름). 코스 요리는 청자가 예약한 식당 음식 | P4-03 검수: 판정 유지(a 적격·b 덜 선호·c 비표준·d 적격) | c는 『표준 언어 예절』(2011) 159쪽이 바른 경어법이 아니라고 든 '주문하신 커피 나오셨습니다'와 같은 구조(청자가 주문·예약한 뒤 아직 건네받지 않은 물건)라 비표준 판정이 규범과 맞음"
"E2","22","c","A2","B1","target","한식당 입구에서 직원이 가족 모임 자리를 예약하고 온 60대 남성과 예약 내용을 확인하며 말한다. 예약 명단에는 이름 한 글자가 잘못 적혀 있고, 예약한 코스 요리 가운데 한 가지는 재료가 떨어져 다른 요리로 바뀌었다.","손님, 코스 요리가 예약 내용과 한 가지 다르십니다.","다르십니다","이 말에서 화자가 '-시-'로 높이려는 대상은 누구입니까?","듣는 사람(손님)|코스 요리|화자 자신|높이려는 대상이 없다","듣는 사람(손님)","1","비표준 — 사물 높임(주어 '코스 요리' = 청자와 무관한 주문·예약한 것)","A1=연세·성함 등 속성(성함) / A2=주문·예약한 것(코스 요리) / 장면=한식당 입구(가게, 서비스 발화) / 화계=합쇼체 / 서술어 다르다(A1·A2 같은 서술어) / 주어 음절 2·2 / 판정 근거: 성함은 청자의 속성(이름). 코스 요리는 청자가 예약한 식당 음식 | P4-03 검수: 판정 유지(a 적격·b 덜 선호·c 비표준·d 적격) | c는 『표준 언어 예절』(2011) 159쪽이 바른 경어법이 아니라고 든 '주문하신 커피 나오셨습니다'와 같은 구조(청자가 주문·예약한 뒤 아직 건네받지 않은 물건)라 비표준 판정이 규범과 맞음"
"E2","22","d","A2","B2","target","한식당 입구에서 직원이 가족 모임 자리를 예약하고 온 60대 남성과 예약 내용을 확인하며 말한다. 예약 명단에는 이름 한 글자가 잘못 적혀 있고, 예약한 코스 요리 가운데 한 가지는 재료가 떨어져 다른 요리로 바뀌었다.","손님, 코스 요리가 예약 내용과 한 가지 다릅니다.","다릅니다","","","","2","적격 — 사물 주어에 -시- 없음(청자 높임은 합쇼체로 유지)","A1=연세·성함 등 속성(성함) / A2=주문·예약한 것(코스 요리) / 장면=한식당 입구(가게, 서비스 발화) / 화계=합쇼체 / 서술어 다르다(A1·A2 같은 서술어) / 주어 음절 2·2 / 판정 근거: 성함은 청자의 속성(이름). 코스 요리는 청자가 예약한 식당 음식 | P4-03 검수: 판정 유지(a 적격·b 덜 선호·c 비표준·d 적격) | c는 『표준 언어 예절』(2011) 159쪽이 바른 경어법이 아니라고 든 '주문하신 커피 나오셨습니다'와 같은 구조(청자가 주문·예약한 뒤 아직 건네받지 않은 물건)라 비표준 판정이 규범과 맞음"
"E2","23","a","A1","B1","target","옆집에 사는 80대 여성이 '택배 상자가 우리 집 앞에 잘못 와 있다'는 쪽지를 화자의 집 문에 붙여 두었다. 그 상자는 화자가 자기 집으로 주문한 물건이었다. 대학생인 화자가 쪽지를 들고 옆집을 찾아가 말한다.","할머니, 쪽지에 적힌 글씨가 정말 반듯하세요.","반듯하세요","이 말에서 화자가 '-시-'로 높이려는 대상은 누구입니까?","듣는 사람(할머니)|글씨|화자 자신|높이려는 대상이 없다","듣는 사람(할머니)","2","적격 — 간접 높임(주어 '글씨' = 청자의 연세·성함 등 속성)","D-12 교체(2026-09-19 메인 세션): 이전 A2 주어('청자가 주문해 청자 앞으로 온 쌀 상자')는 『표준 언어 예절』(2011) p.159가 간접 존대 근거로 든 '소유물'로 읽힐 수 있어(P4-03 검수) 설계 규칙(개인 소유물 배제) 위반. A2 주어를 화자가 주문한 물건으로 바꿔 청자와 무관하게 함. A1(a·b) 문장은 그대로 / A2 유형: 주문·예약한 것 / 주어 음절 2·2 유지"
"E2","23","b","A1","B2","target","옆집에 사는 80대 여성이 '택배 상자가 우리 집 앞에 잘못 와 있다'는 쪽지를 화자의 집 문에 붙여 두었다. 그 상자는 화자가 자기 집으로 주문한 물건이었다. 대학생인 화자가 쪽지를 들고 옆집을 찾아가 말한다.","할머니, 쪽지에 적힌 글씨가 정말 반듯해요.","반듯해요","","","","3","덜 선호 — 간접 높임 생략(주어 '글씨' = 청자의 연세·성함 등 속성, 청자 높임은 해요체로 유지)","D-12 교체(2026-09-19 메인 세션): 이전 A2 주어('청자가 주문해 청자 앞으로 온 쌀 상자')는 『표준 언어 예절』(2011) p.159가 간접 존대 근거로 든 '소유물'로 읽힐 수 있어(P4-03 검수) 설계 규칙(개인 소유물 배제) 위반. A2 주어를 화자가 주문한 물건으로 바꿔 청자와 무관하게 함. A1(a·b) 문장은 그대로 / A2 유형: 주문·예약한 것 / 주어 음절 2·2 유지"
"E2","23","c","A2","B1","target","옆집에 사는 80대 여성이 '택배 상자가 우리 집 앞에 잘못 와 있다'는 쪽지를 화자의 집 문에 붙여 두었다. 그 상자는 화자가 자기 집으로 주문한 물건이었다. 대학생인 화자가 쪽지를 들고 옆집을 찾아가 말한다.","할머니, 제가 주문한 상자가 그쪽으로 잘못 배달되셨어요.","배달되셨어요","이 말에서 화자가 '-시-'로 높이려는 대상은 누구입니까?","듣는 사람(할머니)|상자|화자 자신|높이려는 대상이 없다","듣는 사람(할머니)","4","비표준 — 사물 높임(주어 '상자' = 화자가 주문한 물건, 청자의 소유·속성 아님)","D-12 교체(2026-09-19 메인 세션): 이전 A2 주어('청자가 주문해 청자 앞으로 온 쌀 상자')는 『표준 언어 예절』(2011) p.159가 간접 존대 근거로 든 '소유물'로 읽힐 수 있어(P4-03 검수) 설계 규칙(개인 소유물 배제) 위반. A2 주어를 화자가 주문한 물건으로 바꿔 청자와 무관하게 함. A1(a·b) 문장은 그대로 / A2 유형: 주문·예약한 것 / 주어 음절 2·2 유지"
"E2","23","d","A2","B2","target","옆집에 사는 80대 여성이 '택배 상자가 우리 집 앞에 잘못 와 있다'는 쪽지를 화자의 집 문에 붙여 두었다. 그 상자는 화자가 자기 집으로 주문한 물건이었다. 대학생인 화자가 쪽지를 들고 옆집을 찾아가 말한다.","할머니, 제가 주문한 상자가 그쪽으로 잘못 배달됐어요.","배달됐어요","","","","1","적격 — 사물 주어에 -시- 없음(청자 높임은 해요체로 유지)","D-12 교체(2026-09-19 메인 세션): 이전 A2 주어('청자가 주문해 청자 앞으로 온 쌀 상자')는 『표준 언어 예절』(2011) p.159가 간접 존대 근거로 든 '소유물'로 읽힐 수 있어(P4-03 검수) 설계 규칙(개인 소유물 배제) 위반. A2 주어를 화자가 주문한 물건으로 바꿔 청자와 무관하게 함. A1(a·b) 문장은 그대로 / A2 유형: 주문·예약한 것 / 주어 음절 2·2 유지"
"E2","24","a","A1","B1","target","점심시간, 중학생이 급식실에서 같은 식탁에 앉게 된 교장과 처음으로 가까이 마주 앉아 이야기를 나누며 말한다.","교장 선생님, 가까이서 보니까 인상이 정말 부드러우세요.","부드러우세요","이 말에서 화자가 '-시-'로 높이려는 대상은 누구입니까?","듣는 사람(교장 선생님)|인상|화자 자신|높이려는 대상이 없다","듣는 사람(교장 선생님)","1","적격 — 간접 높임(주어 '인상' = 청자의 연세·성함 등 속성)","A1=연세·성함 등 속성(인상) / A2=상품·음식(고기) / 장면=학교 급식실(학교, 비서비스) / 화계=해요체 / 서술어 부드럽다(A1·A2 같은 서술어) / 주어 음절 2·2 / 판정 근거: 인상은 청자의 속성(생김새에서 받는 느낌). 급식 고기는 학교 급식 음식으로 청자와 무관 | P4-03 검수: 판정 유지(a 적격·b 덜 선호·c 비표준·d 적격)"
"E2","24","b","A1","B2","target","점심시간, 중학생이 급식실에서 같은 식탁에 앉게 된 교장과 처음으로 가까이 마주 앉아 이야기를 나누며 말한다.","교장 선생님, 가까이서 보니까 인상이 정말 부드러워요.","부드러워요","","","","2","덜 선호 — 간접 높임 생략(주어 '인상' = 청자의 연세·성함 등 속성, 청자 높임은 해요체로 유지)","A1=연세·성함 등 속성(인상) / A2=상품·음식(고기) / 장면=학교 급식실(학교, 비서비스) / 화계=해요체 / 서술어 부드럽다(A1·A2 같은 서술어) / 주어 음절 2·2 / 판정 근거: 인상은 청자의 속성(생김새에서 받는 느낌). 급식 고기는 학교 급식 음식으로 청자와 무관 | P4-03 검수: 판정 유지(a 적격·b 덜 선호·c 비표준·d 적격)"
"E2","24","c","A2","B1","target","점심시간, 중학생이 급식실에서 같은 식탁에 앉게 된 교장과 처음으로 가까이 마주 앉아 이야기를 나누며 말한다.","교장 선생님, 오늘 급식은 고기가 정말 부드러우세요.","부드러우세요","이 말에서 화자가 '-시-'로 높이려는 대상은 누구입니까?","듣는 사람(교장 선생님)|고기|화자 자신|높이려는 대상이 없다","듣는 사람(교장 선생님)","3","비표준 — 사물 높임(주어 '고기' = 청자와 무관한 상품·음식)","A1=연세·성함 등 속성(인상) / A2=상품·음식(고기) / 장면=학교 급식실(학교, 비서비스) / 화계=해요체 / 서술어 부드럽다(A1·A2 같은 서술어) / 주어 음절 2·2 / 판정 근거: 인상은 청자의 속성(생김새에서 받는 느낌). 급식 고기는 학교 급식 음식으로 청자와 무관 | P4-03 검수: 판정 유지(a 적격·b 덜 선호·c 비표준·d 적격)"
"E2","24","d","A2","B2","target","점심시간, 중학생이 급식실에서 같은 식탁에 앉게 된 교장과 처음으로 가까이 마주 앉아 이야기를 나누며 말한다.","교장 선생님, 오늘 급식은 고기가 정말 부드러워요.","부드러워요","","","","4","적격 — 사물 주어에 -시- 없음(청자 높임은 해요체로 유지)","A1=연세·성함 등 속성(인상) / A2=상품·음식(고기) / 장면=학교 급식실(학교, 비서비스) / 화계=해요체 / 서술어 부드럽다(A1·A2 같은 서술어) / 주어 음절 2·2 / 판정 근거: 인상은 청자의 속성(생김새에서 받는 느낌). 급식 고기는 학교 급식 음식으로 청자와 무관 | P4-03 검수: 판정 유지(a 적격·b 덜 선호·c 비표준·d 적격)"
